Probe Results,,,,,,,,,,,
Time (ss.tt),Distance (cm),#1 (??C),#2 (??C),#3 (??C),#4 (??C),#5 (??C),#6 (??C),#7 (??C),#8 (??C),#9 (??C),#10 (??C)
0,0,24.2,24.2,24,23.9,24,24.1,24.1,24.1,24.1,23.7
0.4,0.6,24.2,24.2,24,23.9,24,24.1,24.1,24.1,24.1,23.8
0.8,1.3,24.2,24.1,23.9,23.9,24,24.1,24.1,24.1,24.1,23.7
1.2,1.9,24.2,24.2,23.9,23.9,24,24.1,24.1,24.1,24.1,23.8
1.6,2.5,24.2,24.2,23.9,23.9,24,24.1,24.1,24.1,24.1,23.8
2,3.2,24.2,24.2,24,23.9,24,24.1,24.1,24.1,24.1,23.8
2.4,3.8,24.2,24.2,23.9,23.9,24,24.1,24.1,24.1,24.1,23.8
2.8,4.4,24.2,24.1,24,23.9,24,24.1,24.1,24.1,24.1,23.8
3.2,5.1,24.2,24.2,24,23.9,24,24.1,24.1,24.1,24.1,23.8
3.6,5.7,24.2,24.2,23.9,23.9,24,24.1,24.1,24.1,24.1,23.8
4,6.3,24.2,24.2,23.9,23.9,24,24.1,24.1,24.1,24.1,23.8
4.4,7,24.2,24.2,23.9,23.9,24,24.1,24.1,24.1,24.1,23.8
4.8,7.6,24.2,24.2,23.9,23.9,24,24.1,24.1,24.1,24.1,23.8
5.2,8.2,24.2,24.1,23.9,23.9,24,24.1,24.1,24.1,24.1,23.8
5.6,8.9,24.2,24.2,23.9,23.9,24,24.1,24.1,24.1,24.1,23.8
6,9.5,24.2,24.2,23.9,23.9,24,24.1,24.1,24.1,24.1,23.8
6.4,10.1,24.2,24.2,23.9,23.9,24,24.1,24.1,24.1,24.1,23.8
6.8,10.8,24.2,24.2,23.9,23.9,24,24.1,24.1,24.1,24.1,23.8
7.2,11.4,24.2,24.2,23.9,23.9,24,24.1,24.1,24.1,24.1,23.8
7.6,12,24.2,24.2,23.9,23.9,24.1,24.1,24.1,24.1,24.1,23.8
8,12.7,24.2,24.2,23.9,23.9,24.1,24.1,24.1,24.1,24.1,23.8
8.4,13.3,24.2,24.2,23.9,23.9,24.1,24.1,24.1,24.1,24.1,23.8
8.8,13.9,24.2,24.2,23.9,23.9,24.1,24.1,24.1,24.1,24.1,23.8
9.2,14.6,24.2,24.2,23.9,23.9,24.1,24.1,24.1,24.1,24.1,23.8
9.6,15.2,24.2,24.2,23.9,23.9,24.1,24.1,24.1,24.1,24.1,23.8
10,15.8,24.2,24.2,23.9,23.9,24.1,24.1,24.1,24.1,24.1,23.8
10.4,16.5,24.2,24.2,23.9,23.9,24.1,24.1,24.1,24.1,24.1,23.8
10.8,17.1,24.2,24.2,23.9,23.9,24.2,24.1,24.1,24.1,24.1,23.8
11.2,17.7,24.2,24.2,23.9,23.9,24.2,24.1,24.1,24.1,24.1,23.8
11.6,18.4,24.2,24.2,24,23.9,24.3,24.1,24.1,24.1,24.1,23.8
12,19,24.2,24.2,24,23.9,24.3,24.1,24.1,24.1,24.1,23.8
12.4,19.6,24.2,24.2,24,23.9,24.3,24.1,24.1,24.1,24.1,23.8
12.8,20.3,24.2,24.2,24,23.9,24.3,24.1,24.1,24.1,24.1,23.8
13.2,20.9,24.2,24.2,24,23.9,24.3,24.1,24.1,24.1,24.1,23.9
13.6,21.5,24.2,24.2,24,23.9,24.3,24.1,24.1,24.1,24.1,23.8
14,22.2,24.2,24.2,24,24,24.4,24.1,24.1,24.1,24.1,23.9
14.4,22.8,24.2,24.3,24,24,24.5,24.1,24.1,24.1,24.1,23.9
14.8,23.4,24.2,24.2,24,23.9,24.6,24.1,24.1,24.1,24.1,23.9
15.2,24.1,24.2,24.2,24,24,24.6,24.1,24.1,24.1,24.1,23.9
15.6,24.7,24.2,24.2,24,24,24.6,24.1,24.1,24.1,24.1,23.9
16,25.3,24.2,24.2,24,24,24.6,24.1,24.1,24.1,24.1,23.9
16.4,26,24.2,24.2,24,24,24.6,24.1,24.1,24.1,24.1,23.9
16.8,26.6,24.2,24.2,24,24,24.6,24.1,24.1,24.1,24.1,23.9
17.2,27.2,24.2,24.2,24,24,24.6,24.1,24.1,24.1,24.1,23.9
17.6,27.9,24.2,24.2,24,24,24.6,24.1,24.1,24.1,24.1,23.9
18,28.5,24.2,24.2,24,24,24.5,24.1,24.1,24.1,24.1,23.9
18.4,29.1,24.2,24.2,24,24,24.5,24.1,24.1,24.1,24.1,23.9
18.8,29.8,24.2,24.2,24,24,24.5,24.1,24.1,24.1,24.1,23.9
19.2,30.4,24.2,24.3,24,24,24.5,24.1,24.1,24.1,24.2,24
19.6,31,24.2,24.3,24,24,24.5,24.1,24.1,24.2,24.2,24
20,31.7,24.2,24.3,24,24,24.4,24.1,24.1,24.2,24.2,24
20.4,32.3,24.2,24.3,24,24,24.4,24.2,24.2,24.2,24.3,24
20.8,32.9,24.2,24.3,24,24,24.4,24.1,24.1,24.2,24.3,24
21.2,33.6,24.2,24.3,24,24,24.4,24.1,24.2,24.2,24.3,24
21.6,34.2,24.2,24.3,24,24,24.4,24.1,24.2,24.2,24.3,24
22,34.8,24.2,24.3,24,24,24.4,24.2,24.2,24.2,24.3,24
22.4,35.5,24.2,24.3,24,24,24.4,24.1,24.2,24.2,24.3,24
22.8,36.1,24.3,24.3,24,24,24.4,24.2,24.2,24.2,24.3,24
23.2,36.7,24.3,24.4,24,24,24.4,24.2,24.2,24.2,24.3,24
23.6,37.4,24.3,24.3,24,24,24.4,24.2,24.2,24.2,24.3,24
24,38,24.3,24.3,24,24,24.4,24.2,24.2,24.2,24.3,24
24.4,38.6,24.3,24.4,24,24,24.4,24.1,24.2,24.2,24.4,24
24.8,39.3,24.3,24.4,24.1,24,24.4,24.2,24.2,24.2,24.4,24.1
25.2,39.9,24.3,24.4,24,24,24.4,24.2,24.2,24.2,24.4,24.1
25.6,40.5,24.3,24.4,24.1,24,24.4,24.2,24.2,24.3,24.5,24.1
26,41.2,24.3,24.4,24.1,24,24.4,24.2,24.2,24.3,24.5,24.1
26.4,41.8,24.3,24.4,24.1,24,24.5,24.2,24.3,24.3,24.6,24.1
26.8,42.4,24.3,24.4,24.1,24,24.4,24.2,24.2,24.3,24.6,24.1
27.2,43.1,24.3,24.4,24.1,24,24.4,24.2,24.3,24.3,24.7,24.1
27.6,43.7,24.3,24.5,24.1,24,24.4,24.2,24.3,24.3,24.8,24.1
28,44.3,24.3,24.5,24.1,24,24.4,24.2,24.3,24.3,24.8,24.1
28.4,45,24.3,24.5,24.1,24,24.4,24.2,24.3,24.3,24.8,24.1
28.8,45.6,24.3,24.5,24.1,24,24.5,24.3,24.3,24.3,24.8,24.1
29.2,46.2,24.3,24.6,24.1,24,24.5,24.3,24.3,24.4,24.9,24.1
29.6,46.9,24.3,24.6,24.1,24.1,24.6,24.3,24.3,24.4,24.9,24.1
30,47.5,24.4,24.6,24.1,24.1,24.6,24.3,24.3,24.4,24.9,24.1
30.4,48.1,24.4,24.6,24.1,24.1,24.6,24.3,24.3,24.4,25,24.1
30.8,48.8,24.4,24.6,24.1,24.1,24.6,24.3,24.3,24.4,25,24.1
31.2,49.4,24.4,24.6,24.1,24.1,24.6,24.3,24.4,24.4,25.1,24.1
31.6,50,24.4,24.6,24.2,24.1,24.6,24.3,24.4,24.4,25.1,24.1
32,50.7,24.4,24.7,24.2,24.1,24.6,24.3,24.4,24.5,25.2,24.1
32.4,51.3,24.4,24.7,24.2,24.1,24.6,24.4,24.4,24.5,25.2,24.2
32.8,51.9,24.4,24.7,24.2,24.1,24.6,24.4,24.4,24.5,25.3,24.2
33.2,52.6,24.4,24.7,24.2,24.1,24.7,24.4,24.4,24.6,25.3,24.2
33.6,53.2,24.5,24.7,24.2,24.1,24.6,24.4,24.4,24.6,25.3,24.2
34,53.8,24.4,24.7,24.2,24.1,24.6,24.4,24.5,24.6,25.4,24.2
34.4,54.5,24.5,24.8,24.2,24.1,24.7,24.5,24.5,24.6,25.4,24.2
34.8,55.1,24.5,24.8,24.2,24.1,24.7,24.5,24.5,24.7,25.4,24.2
35.2,55.7,24.5,24.8,24.2,24.1,24.7,24.5,24.5,24.7,25.5,24.3
35.6,56.4,24.5,24.8,24.2,24.1,24.8,24.6,24.6,24.8,25.5,24.3
36,57,24.5,24.8,24.2,24.1,24.8,24.6,24.6,24.8,25.6,24.3
36.4,57.6,24.6,24.8,24.2,24.1,24.8,24.6,24.6,24.8,25.6,24.3
36.8,58.3,24.6,24.9,24.3,24.1,24.8,24.7,24.7,24.8,25.6,24.4
37.2,58.9,24.6,24.9,24.3,24.1,24.8,24.7,24.7,24.9,25.6,24.4
37.6,59.5,24.7,24.9,24.3,24.1,24.8,24.7,24.7,24.9,25.6,24.4
38,60.2,24.7,25,24.3,24.1,24.8,24.8,24.8,24.9,25.7,24.5
38.4,60.8,24.8,25,24.3,24.1,24.8,24.8,24.8,24.9,25.7,24.5
38.8,61.4,24.8,25,24.3,24.1,24.8,24.8,24.8,24.9,25.7,24.5
39.2,62.1,24.8,25.1,24.3,24.2,24.8,24.9,24.8,25,25.8,24.6
39.6,62.7,24.8,25.1,24.3,24.2,24.8,24.9,24.9,25,25.8,24.6
40,63.3,24.9,25.2,24.4,24.2,24.8,25,24.9,25,25.8,24.7
40.4,64,24.9,25.3,24.4,24.2,24.8,25.1,24.9,25.1,25.9,24.8
40.8,64.6,25,25.3,24.4,24.2,24.9,25.2,24.9,25.1,25.9,24.8
41.2,65.2,25,25.3,24.4,24.2,24.9,25.3,25,25.1,26,24.8
41.6,65.9,25.1,25.4,24.4,24.2,25,25.4,25,25.2,26.1,24.9
42,66.5,25.2,25.4,24.5,24.3,25.1,25.6,25.1,25.3,26.3,24.9
42.4,67.1,25.2,25.5,24.5,24.3,25.1,25.8,25.1,25.3,26.3,24.9
42.8,67.8,25.3,25.6,24.6,24.3,25.2,25.9,25.2,25.4,26.3,25
43.2,68.4,25.3,25.6,24.6,24.3,25.2,26,25.3,25.4,26.4,25
43.6,69,25.4,25.7,24.6,24.4,25.2,26.2,25.3,25.5,26.5,25.1
44,69.7,25.4,25.8,24.6,24.4,25.2,26.3,25.4,25.6,26.6,25.1
44.4,70.3,25.5,25.9,24.7,24.4,25.2,26.4,25.4,25.6,26.7,25.1
44.8,70.9,25.5,25.9,24.8,24.4,25.2,26.5,25.5,25.7,26.7,25.1
45.2,71.6,25.6,26,24.8,24.4,25.2,26.6,25.5,25.7,26.8,25.1
45.6,72.2,25.6,26.1,24.8,24.4,25.2,26.7,25.6,25.8,26.8,25.2
46,72.8,25.7,26.2,24.9,24.5,25.3,26.8,25.6,25.8,26.9,25.2
46.4,73.5,25.8,26.3,25.1,24.5,25.3,26.8,25.7,25.9,27,25.3
46.8,74.1,25.8,26.3,25.1,24.5,25.3,26.9,25.8,26,27.1,25.3
47.2,74.7,25.9,26.4,25.2,24.6,25.3,26.9,25.8,26.1,27.2,25.4
47.6,75.4,25.9,26.5,25.2,24.6,25.3,26.9,25.9,26.1,27.3,25.4
48,76,26,26.6,25.3,24.7,25.3,27.1,25.9,26.2,27.4,25.5
48.4,76.6,26.1,26.6,25.3,24.7,25.3,27.2,26,26.3,27.6,25.5
48.8,77.3,26.1,26.8,25.3,24.8,25.4,27.3,26.1,26.3,27.7,25.6
49.2,77.9,26.2,26.8,25.4,24.8,25.4,27.4,26.1,26.4,27.8,25.6
49.6,78.5,26.3,26.9,25.5,24.9,25.4,27.6,26.2,26.4,27.9,25.8
50,79.2,26.3,27,25.7,24.9,25.5,27.7,26.3,26.6,28.1,25.9
50.4,79.8,26.4,27.1,25.8,24.9,25.6,27.9,26.4,26.6,28.3,26
50.8,80.4,26.4,27.1,26,25,25.6,28.1,26.4,26.7,28.4,26.1
51.2,81.1,26.5,27.2,26.3,25.1,25.7,28.3,26.5,26.8,28.5,26.2
51.6,81.7,26.6,27.3,26.5,25.1,25.8,28.4,26.6,26.9,28.6,26.3
52,82.3,26.6,27.3,26.8,25.2,25.9,28.6,26.7,26.9,28.8,26.4
52.4,83,26.7,27.4,26.9,25.3,26.1,28.7,26.8,27.1,28.8,26.5
52.8,83.6,26.8,27.4,27,25.4,26.2,28.8,26.8,27.2,28.9,26.6
53.2,84.2,26.8,27.5,27.1,25.5,26.3,28.9,26.9,27.3,29.1,26.8
53.6,84.9,26.9,27.6,27.2,25.6,26.4,29,27.1,27.4,29.1,26.9
54,85.5,26.9,27.7,27.3,25.7,26.5,29.1,27.1,27.4,29.2,27
54.4,86.1,27.1,27.8,27.4,25.9,26.6,29.2,27.3,27.5,29.2,27.1
54.8,86.8,27.1,27.8,27.4,26.1,26.7,29.3,27.3,27.6,29.3,27.3
55.2,87.4,27.2,27.9,27.5,26.2,26.8,29.3,27.4,27.7,29.3,27.5
55.6,88,27.3,27.9,27.6,26.4,26.9,29.4,27.4,27.8,29.3,27.8
56,88.7,27.3,27.9,27.8,26.6,27,29.5,27.6,27.8,29.3,28
56.4,89.3,27.4,28,27.9,26.8,27.1,29.7,27.6,27.9,29.3,28.4
56.8,89.9,27.4,28.1,28.1,27,27.2,29.8,27.7,27.9,29.3,28.7
57.2,90.6,27.5,28.1,28.4,27.3,27.3,29.9,27.8,28.1,29.4,29
57.6,91.2,27.6,28.3,28.6,27.5,27.4,30,27.9,28.1,29.4,29.3
58,91.8,27.7,28.4,28.8,27.7,27.6,30.1,27.9,28.3,29.4,29.8
58.4,92.5,27.8,28.5,29.1,28,27.8,30.3,28.1,28.4,29.6,30.2
58.8,93.1,27.9,28.6,29.3,28.3,27.9,30.3,28.2,28.5,29.7,30.6
59.2,93.7,27.9,28.7,29.4,28.5,28.1,30.5,28.3,28.6,29.8,31.1
59.6,94.4,28.1,28.8,29.7,28.8,28.3,30.7,28.4,28.7,29.9,31.5
60,95,28.1,28.9,29.9,29,28.4,30.9,28.5,28.8,29.9,31.9
60.4,95.6,28.3,29,30.1,29.2,28.6,30.9,28.6,28.9,30.1,32.4
60.8,96.3,28.4,29.1,30.3,29.4,28.7,31,28.6,28.9,30.1,32.8
61.2,96.9,28.4,29.2,30.4,29.6,28.8,31.1,28.8,29.1,30.3,33.2
61.6,97.5,28.6,29.3,30.5,29.9,28.9,31.3,28.9,29.1,30.4,33.6
62,98.2,28.6,29.4,30.6,30.1,29,31.4,28.9,29.3,30.5,33.9
62.4,98.8,28.8,29.7,30.6,30.3,29.1,31.6,29.1,29.4,30.6,34.3
62.8,99.4,28.9,29.9,30.6,30.4,29.1,31.7,29.1,29.4,30.8,34.6
63.2,100.1,29,30,30.7,30.6,29.2,31.8,29.3,29.6,30.9,34.9
63.6,100.7,29.1,30.1,30.7,30.9,29.2,31.8,29.3,29.8,31.1,35.2
64,101.3,29.3,30.3,30.8,31.1,29.3,31.8,29.4,29.8,31.3,35.4
64.4,102,29.3,30.4,30.9,31.3,29.3,31.8,29.6,29.9,31.3,35.8
64.8,102.6,29.4,30.6,31.1,31.4,29.3,31.9,29.7,30.1,31.5,36
65.2,103.2,29.6,30.9,31.2,31.6,29.4,32,29.8,30.1,31.6,36.3
65.6,103.9,29.8,31.1,31.3,31.8,29.5,32.1,29.9,30.3,31.8,36.6
66,104.5,29.9,31.3,31.4,31.9,29.6,32.2,30,30.3,32,36.8
66.4,105.1,30.1,31.5,31.5,32.2,29.8,32.2,30.1,30.4,32.3,37
66.8,105.8,30.1,31.8,31.6,32.3,29.8,32.1,30.3,30.6,32.5,37.2
67.2,106.4,30.3,31.9,31.6,32.5,29.9,32.1,30.3,30.7,32.7,37.4
67.6,107,30.4,32.2,31.6,32.6,29.9,32.1,30.4,30.8,32.8,37.7
68,107.7,30.5,32.4,31.7,32.8,30.1,32.1,30.5,30.9,33,37.9
68.4,108.3,30.7,32.6,31.7,32.9,30.2,32.1,30.6,31.1,33.2,38.1
68.8,108.9,30.9,32.9,31.8,33.1,30.3,32.3,30.8,31.3,33.6,38.4
69.2,109.6,31.1,33.1,31.8,33.1,30.4,32.3,30.9,31.3,33.8,38.5
69.6,110.2,31.2,33.4,31.8,33.3,30.6,32.5,31.1,31.5,34.2,38.7
70,110.8,31.4,33.6,31.9,33.4,30.8,32.7,31.2,31.6,34.5,38.9
70.4,111.5,31.6,33.9,31.9,33.6,30.9,32.9,31.3,31.8,34.9,39
70.8,112.1,31.8,34.2,32.1,33.7,31.1,33,31.4,31.9,35.3,39.2
71.2,112.7,32,34.6,32.1,33.8,31.2,33.1,31.6,32.2,35.6,39.4
71.6,113.4,32.3,34.9,32.3,33.9,31.3,33.3,31.8,32.4,36,39.6
72,114,32.7,35.4,32.4,34.1,31.5,33.6,32,32.6,36.6,39.7
72.4,114.6,33,35.8,32.6,34.2,31.6,33.7,32.2,32.8,37,39.9
72.8,115.3,33.4,36.3,32.7,34.3,31.7,33.8,32.4,33,37.6,39.9
73.2,115.9,33.9,36.8,32.8,34.4,31.8,33.9,32.6,33.3,38.3,40.1
73.6,116.5,34.6,37.5,32.9,34.5,31.9,34.1,32.8,33.6,38.9,40.1
74,117.2,35.6,38.4,33,34.6,32.1,34.4,33,33.9,39.6,40.2
74.4,117.8,36.9,39.4,33.1,34.8,32.3,34.7,33.3,34.2,40.2,40.3
74.8,118.4,37.8,40.3,33.3,34.9,32.4,35.1,33.6,34.6,41,40.4
75.2,119.1,38.4,41.1,33.4,35,32.6,35.6,33.9,35.1,41.9,40.5
75.6,119.7,38.8,41.7,33.6,35.1,32.7,36.3,34.3,35.6,42.9,40.7
76,120.3,39.3,42.4,33.8,35.2,32.8,37.1,34.8,36.5,43.8,40.9
76.4,121,39.9,43.3,34,35.3,32.9,38.4,35.4,37.3,44.8,41.1
76.8,121.6,40.6,44.4,34.3,35.4,33,40.3,36,38.4,45.5,41.2
77.2,122.2,41.5,45.5,34.4,35.5,33.1,42.6,36.9,39.2,46.4,41.3
77.6,122.9,42.4,46.6,34.4,35.6,33.3,44.7,37.7,39.9,47.1,41.5
78,123.5,43.1,47.1,34.5,35.7,33.4,46.2,38.5,40.6,47.7,41.7
78.4,124.1,43.5,47.5,34.5,35.8,33.6,47.1,39.2,41.3,48.1,41.8
78.8,124.8,44,47.9,34.7,35.9,33.8,47.7,39.9,41.9,48.6,41.9
79.2,125.4,44.5,48.5,34.9,36,33.9,48.6,40.5,42.8,48.9,42.1
79.6,126,45.1,49.2,35,36.1,34,50.1,41.2,43.4,49.6,42.3
80,126.7,45.6,49.9,35.1,36.3,34.1,51.9,41.9,44.2,50.4,42.6
80.4,127.3,46.3,50.6,35.3,36.4,34.3,53.3,42.6,44.7,51.3,42.8
80.8,127.9,46.8,51.1,35.4,36.6,34.4,54.1,43.3,45.2,52.1,43
81.2,128.6,47.5,52,35.5,36.7,34.6,54.4,44.1,45.8,52.9,43.3
81.6,129.2,48.2,52.9,35.6,36.8,34.7,54.4,44.8,46.6,53.7,43.6
82,129.8,49.1,54.1,35.8,37,34.9,54.9,45.6,47.3,54.3,44.1
82.4,130.5,50.1,55.2,36,37.1,35.1,55.9,46.5,48.1,54.8,44.4
82.8,131.1,50.8,55.8,36.3,37.3,35.4,57.1,47.3,48.8,55.3,44.8
83.2,131.7,51.4,56.1,36.6,37.5,35.6,58,48,49.4,55.6,45.1
83.6,132.4,51.9,56.4,36.8,37.7,35.8,58.5,48.6,50.2,55.9,45.3
84,133,52.4,56.6,36.9,37.9,36.1,58.7,49.2,51,56.3,45.6
84.4,133.6,53.4,56.9,37.3,38.1,36.3,59.3,49.8,51.8,56.6,46
84.8,134.3,54.3,57.3,37.6,38.3,36.6,60.6,50.4,52.4,57,46.4
85.2,134.9,54.9,57.9,37.9,38.5,36.9,62.1,51,52.9,57.5,46.8
85.6,135.5,55.4,58.3,38.3,38.7,37.3,62.9,51.7,53.4,58.1,47.1
86,136.2,55.8,58.7,38.9,39,37.7,63.4,52.5,53.9,58.8,47.4
86.4,136.8,56.1,58.9,39.6,39.3,38.1,63.6,53.3,54.6,59.5,47.8
86.8,137.4,56.6,59.1,40.3,39.6,38.5,63.9,54,55.4,60.2,48.1
87.2,138.1,57.2,59.4,41,39.8,38.9,64.8,54.8,56.1,60.6,48.4
87.6,138.7,57.8,59.9,41.7,40.1,39.3,65.8,55.6,56.8,61.1,48.8
88,139.3,58.3,60.5,42.4,40.6,39.8,66.6,56.3,57.4,61.8,49.3
88.4,140,58.7,61.1,43.2,41.1,40.2,67.2,56.9,58.1,62.7,49.8
88.8,140.6,59.2,61.8,44,41.6,40.6,67.3,57.6,58.9,63.9,50.3
89.2,141.2,59.9,62.6,44.8,42.3,41.1,67.5,58.1,59.9,65.1,50.7
89.6,141.9,60.6,63.2,45.7,43.1,41.7,68.2,58.8,60.6,66.1,51.1
90,142.5,61.4,63.6,46.9,44,42.3,69.6,59.5,61.3,67.2,51.8
90.4,143.1,61.9,63.9,48.4,44.9,42.9,70.6,60.2,61.9,67.9,52.3
90.8,143.8,62.3,64.1,50,46,43.8,71.1,60.8,62.6,68.5,53
91.2,144.4,62.6,64.4,51.9,47.1,45.1,71.2,61.4,63.4,69,53.9
91.6,145,62.8,64.6,54.2,48.3,46.6,71.4,62.2,64.4,69.6,55.6
92,145.7,63.1,64.8,56.8,49.4,48.8,71.9,62.8,65.2,69.9,57.8
92.4,146.3,63.3,65.1,58.6,50.5,50.8,72.6,63.5,65.7,70.1,59.6
92.8,146.9,63.6,65.3,59.7,51.7,52.4,73.4,64.1,66.1,70.4,60.9
93.2,147.6,63.8,65.6,60.8,52.8,53.7,73.9,64.8,66.4,70.6,61.9
93.6,148.2,64.1,65.9,62.2,54,54.7,74.4,65.3,66.8,70.8,62.8
94,148.8,64.4,66.2,63.7,55.1,55.7,74.6,65.8,67.1,70.9,63.8
94.4,149.5,64.7,66.5,65.6,56.3,56.7,74.7,66.2,67.3,71.1,65
94.8,150.1,64.9,66.9,67.6,57.4,58,74.7,66.6,67.6,71.2,66.2
95.2,150.7,65.3,67.2,68.9,58.6,59.4,74.6,66.9,67.9,71.3,67.2
95.6,151.4,65.7,67.5,69.8,59.8,60.9,74.6,67.3,68.1,71.4,68
96,152,66.2,67.8,70.4,60.8,62.1,74.5,67.6,68.4,71.6,68.6
96.4,152.6,67,68.2,71.4,61.9,63.2,74.4,67.9,68.6,71.8,69.5
96.8,153.3,67.9,68.5,72.8,62.9,64.4,74.3,68.1,68.9,72,70.7
97.2,153.9,68.6,68.9,74.9,64,65.1,74.3,68.4,69.2,72.2,72.2
97.6,154.5,69.1,69.4,76.3,65.1,65.7,74.4,68.7,69.6,72.4,73.5
98,155.2,69.5,69.9,76.9,66.1,66.1,74.5,68.9,69.9,72.6,74.4
98.4,155.8,69.9,70.4,77.4,67.2,66.4,74.8,69.3,70.4,72.8,75.1
98.8,156.4,70.4,71,78,68.2,66.7,75.4,69.6,70.9,73.1,75.8
99.2,157.1,70.9,71.5,78.8,69.1,67.2,76.5,70,71.6,73.4,76.5
99.6,157.7,71.6,72.1,80.1,70.1,67.9,78.1,70.5,72.2,73.8,77.5
100,158.3,72.1,72.4,81.3,70.9,68.8,79.6,70.9,72.6,74.2,78.3
100.4,159,72.6,72.9,82.2,71.9,70,80.6,71.5,73.1,74.8,79.1
100.8,159.6,73,73.4,82.6,72.8,71,81.3,72.1,73.6,75.2,79.8
101.2,160.2,73.5,73.9,83,73.5,71.9,81.7,72.6,74.3,75.6,80.3
101.6,160.9,73.9,74.5,83.3,74.3,72.6,82.4,73.2,74.9,76,81.1
102,161.5,74.6,75.1,83.6,75,73.3,83.3,73.8,75.4,76.5,82.3
102.4,162.1,75.1,75.8,83.8,75.8,74.3,84.4,74.4,75.9,77.3,83.4
102.8,162.8,75.6,76.6,83.9,76.4,75.1,85.3,74.9,76.4,78,84.4
103.2,163.4,76.2,77.4,84.4,77.2,75.8,85.8,75.6,76.8,78.8,85.1
103.6,164,76.9,78.4,84.8,77.8,76.3,86,76.2,77.4,79.6,85.6
104,164.7,77.8,79.7,85.3,78.5,76.8,86.6,76.8,78.1,80.3,86.3
104.4,165.3,78.7,81,85.8,79.1,77.4,87.6,77.5,78.7,80.9,86.9
104.8,165.9,79.7,82.4,86.7,79.9,78,88.8,78.2,79.3,81.4,87.6
105.2,166.6,80.4,83.4,87.7,80.6,78.9,89.8,78.8,79.9,82.1,88.1
105.6,167.2,80.9,84.1,88.4,81.3,79.6,90.3,79.5,80.7,82.8,88.6
106,167.8,81.4,84.6,88.9,82,80.1,90.6,80.1,81.5,83.8,89.1
106.4,168.5,82.3,85,89.5,82.7,80.7,91,80.7,82.3,84.8,89.6
106.8,169.1,83.2,85.4,90.3,83.3,81.1,91.9,81.3,83,85.7,90.5
107.2,169.7,83.9,85.8,91.4,84,81.7,92.9,82,83.6,86.6,91.6
107.6,170.4,84.4,86.3,92.8,84.7,82.5,93.8,82.7,84.1,87.3,92.5
108,171,84.8,86.6,93.5,85.3,83,94.3,83.3,84.7,87.9,93.1
108.4,171.6,85.1,87.3,93.8,85.8,83.4,94.5,83.9,85.3,88.6,93.5
108.8,172.3,85.8,87.9,93.8,86.3,83.7,94.8,84.6,85.9,89.2,93.8
109.2,172.9,86.6,88.8,93.8,86.8,83.8,95.3,85.3,86.6,89.9,94.1
109.6,173.5,87.4,89.8,93.8,87.2,83.9,96.1,86,87.3,90.4,94.3
110,174.2,88.1,90.7,93.7,87.6,83.9,96.9,86.8,87.9,90.9,94.4
110.4,174.8,88.7,91.3,93.7,87.9,83.9,97.4,87.5,88.6,91.6,94.6
110.8,175.4,89.3,91.9,93.7,88.3,83.9,97.6,88.1,89.4,92.2,94.7
111.2,176.1,89.8,92.3,93.8,88.7,83.9,97.8,88.7,90.1,93,94.9
111.6,176.7,90.6,92.8,93.9,89.1,83.9,98.4,89.3,90.8,93.9,94.9
112,177.3,91.4,93.3,94,89.7,84.1,99.5,89.9,91.4,94.7,95.1
112.4,178,92,94,94.2,90.3,84.1,100.6,90.5,91.9,95.3,95.2
112.8,178.6,92.5,94.6,94.6,90.8,84.3,101.3,91.1,92.4,96,95.4
113.2,179.2,92.9,95.3,95.3,91.4,84.6,101.4,91.7,92.9,96.5,95.6
113.6,179.9,93.2,95.8,96.3,92.1,85,101.6,92.3,93.7,97.1,96.1
114,180.5,93.6,96.3,97.6,92.9,85.9,102,93,94.6,97.7,97.1
114.4,181.1,93.7,96.5,99,93.4,86.8,102.7,93.5,95.1,98.2,98.1
114.8,181.8,94.1,96.8,100.2,94.3,87.9,103.5,94.3,95.7,98.8,99.2
115.2,182.4,94.3,97,100.6,94.9,88.8,104.1,94.8,96.1,99.1,99.9
115.6,183,94.6,97.4,101.3,95.7,89.7,104.6,95.4,96.6,99.6,100.6
116,183.7,94.9,97.6,101.9,96.5,90.3,104.8,96,97,99.9,101.2
116.4,184.3,95.1,97.8,102.9,97.2,91.1,104.8,96.5,97.3,100.3,101.8
116.8,184.9,95.4,98.1,104.1,97.9,92.1,104.8,96.9,97.6,100.6,102.6
117.2,185.6,95.7,98.4,104.9,98.6,93.1,104.6,97.3,97.9,100.8,103.3
117.6,186.2,96.2,98.6,105.4,99.3,94.2,104.4,97.6,98.3,101.1,103.9
118,186.8,96.7,99,105.6,100.1,94.9,104.2,97.9,98.6,101.3,104.4
118.4,187.5,97.4,99.6,106,100.8,95.6,104,98.3,98.8,101.6,105
118.8,188.1,98.4,100.3,106.5,101.4,96.3,103.9,98.6,99.1,101.8,105.9
119.2,188.7,99.2,100.9,107.6,102.1,96.9,103.9,98.8,99.4,102.1,107
119.6,189.4,99.7,101.6,108.6,102.8,97.5,103.9,99.1,99.7,102.5,107.9
120,190,100.2,102.2,109,103.4,98.1,104,99.4,100.1,102.9,108.6
120.4,190.6,100.6,102.8,109.3,104.1,98.6,104.3,99.7,100.6,103.3,109.2
120.8,191.3,101.1,103.4,109.8,104.8,98.9,104.9,100.1,101.1,103.8,109.7
121.2,191.9,101.8,104.3,110.4,105.4,99.5,106,100.5,101.8,104.4,110.3
121.6,192.5,102.5,105,111.1,106,100.2,107.3,100.9,102.4,104.9,110.9
122,193.2,103.1,105.6,111.9,106.6,100.9,108.7,101.4,102.9,105.6,111.6
122.4,193.8,103.6,106.3,112.4,107.2,101.8,109.8,102,103.4,106.6,112
122.8,194.4,104.1,106.9,112.7,107.8,102.5,110.4,102.6,103.9,107.6,112.4
123.2,195.1,104.7,107.6,112.9,108.4,103,110.9,103.1,104.7,108.7,112.7
123.6,195.7,105.3,108.3,113.3,109,103.4,111.4,103.7,105.4,109.8,113.3
124,196.3,105.8,108.9,113.9,109.6,104.1,112.1,104.3,106.1,110.4,114
124.4,197,106.3,109.4,114.8,110.1,104.9,113.1,104.9,106.5,111.1,114.9
124.8,197.6,106.6,109.8,115.3,110.6,105.5,113.9,105.4,106.9,111.6,115.5
125.2,198.2,107,110.1,115.5,111.2,106.1,114.3,106,107.3,112,116
125.6,198.9,107.4,110.5,115.6,111.8,106.6,114.6,106.5,107.8,112.5,116.4
126,199.5,108.1,111,115.9,112.2,106.9,114.9,107.1,108.4,113.1,116.7
126.4,200.1,108.8,111.6,116.4,112.7,107.3,115.6,107.7,108.9,113.5,117.1
126.8,200.8,109.4,112.3,117.1,113.2,107.8,116.5,108.3,109.4,113.8,117.6
127.2,201.4,110,112.8,118,113.7,108.6,117.2,108.9,110,114.2,118
127.6,202,110.4,113.3,118.6,114.2,109.3,117.7,109.4,110.4,114.6,118.4
128,202.7,110.8,113.6,119,114.8,109.9,117.9,109.9,111.1,115.1,118.6
128.4,203.3,111.4,113.9,119.4,115.3,110.4,118.1,110.4,111.8,115.8,119
128.8,203.9,112.2,114.3,119.9,115.8,110.9,118.6,110.9,112.4,116.5,119.6
129.2,204.6,112.8,114.8,120.6,116.3,111.6,119.4,111.5,112.9,117.1,120.4
129.6,205.2,113.3,115.2,121.8,116.8,112.4,120.3,112,113.4,117.6,121.1
130,205.8,113.7,115.6,122.6,117.3,113.2,120.8,112.5,113.8,118.1,121.7
130.4,206.5,113.9,116,122.9,117.7,113.7,121,113.1,114.3,118.4,122
130.8,207.1,114.3,116.5,122.8,118.1,114.1,121.1,113.5,114.7,118.8,122.1
131.2,207.7,114.9,117.2,122.8,118.4,114.4,121.5,114.1,115.3,119.3,122.4
131.6,208.4,115.6,117.9,122.7,118.8,114.6,122.1,114.6,115.8,119.6,122.5
132,209,116.1,118.6,122.6,118.9,114.7,122.8,115.2,116.3,119.9,122.6
132.4,209.6,116.6,119.1,122.4,119.3,114.8,123.3,115.6,116.7,120.4,122.6
132.8,210.3,117,119.6,122.4,119.6,114.8,123.5,116.1,117.3,121,122.7
133.2,210.9,117.4,119.9,122.5,119.8,114.9,123.7,116.6,117.8,121.6,122.7
133.6,211.5,118.1,120.5,122.6,120.1,114.9,124.1,117.1,118.4,122.3,122.8
134,212.2,118.8,121.3,122.8,120.4,115.1,124.9,117.6,118.9,122.8,122.8
134.4,212.8,119.4,121.9,123,120.7,115.1,125.9,118.1,119.3,123.2,122.9
134.8,213.4,119.8,122.5,123.3,121.2,115.3,126.5,118.6,119.7,123.5,123
135.2,214.1,120.1,122.9,123.6,121.6,115.4,126.8,119,120.1,123.9,123.2
135.6,214.7,120.4,123.2,124.3,122,115.7,126.9,119.6,120.6,124.3,123.4
136,215.3,120.6,123.4,125,122.4,116.3,127.1,120,121.3,124.8,124.1
136.4,216,120.8,123.5,126.3,122.9,117,127.6,120.5,121.8,125.3,124.8
136.8,216.6,121,123.7,127.3,123.3,117.9,128.2,121.1,122.3,125.7,125.6
137.2,217.2,121.1,123.8,127.8,123.8,118.7,128.8,121.6,122.7,126.1,126.2
137.6,217.9,121.3,123.9,128.1,124.3,119.4,129.1,122.1,123,126.3,126.7
138,218.5,121.5,124.1,128.4,124.8,120,129.3,122.5,123.3,126.6,127.1
138.4,219.1,121.7,124.2,128.9,125.3,120.5,129.3,122.9,123.6,126.8,127.6
138.8,219.8,121.9,124.3,129.8,125.8,121.1,129.1,123.2,123.9,127,128.2
139.2,220.4,122.1,124.5,130.8,126.2,121.9,129.1,123.5,124.1,127.1,128.8
139.6,221,122.4,124.7,131.5,126.8,122.7,128.9,123.8,124.3,127.3,129.2
140,221.7,122.8,125,131.9,127.2,123.3,128.8,124.1,124.5,127.4,129.6
140.4,222.3,123.4,125.6,132.2,127.7,123.9,128.8,124.3,124.8,127.6,129.9
140.8,222.9,124.1,126.3,132.5,128.2,124.4,128.6,124.5,124.9,127.8,130.3
141.2,223.6,124.9,127.1,132.9,128.6,125,128.6,124.7,125.2,128.1,131
141.6,224.2,125.4,127.8,133.8,129.1,125.7,128.6,124.9,125.4,128.3,131.8
142,224.8,125.8,128.4,134.3,129.6,126.3,128.6,125.1,125.7,128.6,132.4
142.4,225.5,126.1,128.8,134.4,130.1,126.7,128.8,125.4,126.1,129.1,132.9
142.8,226.1,126.4,129.1,134.7,130.5,127,129.2,125.7,126.6,129.7,133.3
143.2,226.7,126.9,129.6,135,131,127.3,129.8,126.1,127.1,130.3,133.6
143.6,227.4,127.4,130.1,135.4,131.4,127.6,130.8,126.5,127.6,130.8,134.1
144,228,127.9,130.7,136.1,131.9,128,131.8,127,128.1,131.3,134.5
144.4,228.6,128.3,131.1,136.8,132.4,128.6,132.7,127.4,128.5,131.8,134.9
144.8,229.3,128.7,131.5,137.3,132.8,129.2,133.3,127.8,128.8,132.1,135.3
145.2,229.9,129,131.8,137.4,133.3,129.7,133.7,128.3,129.3,132.5,135.6
145.6,230.5,129.5,132.3,137.6,133.7,130.1,134,128.6,129.8,132.9,135.9
146,231.2,129.9,132.9,138,134.1,130.5,134.7,129.1,130.4,133.6,136.4
146.4,231.8,130.3,133.5,138.4,134.5,131,135.4,129.5,130.8,133.9,136.9
146.8,232.4,130.8,133.9,139.1,134.9,131.6,136.1,129.9,131.1,134.4,137.5
147.2,233.1,131.1,134.3,139.6,135.4,132.3,136.5,130.4,131.4,134.8,138
147.6,233.7,131.4,134.6,139.8,135.9,132.6,136.7,130.8,131.8,135.2,138.3
148,234.3,131.9,135,139.9,136.3,132.9,137,131.2,132.3,135.5,138.6
148.4,235,132.4,135.4,140.2,136.6,133.1,137.5,131.6,132.6,135.9,138.9
148.8,235.6,132.9,135.8,140.6,137.1,133.5,138.2,132.1,133,136.2,139.3
149.2,236.2,133.4,136.2,141.3,137.5,133.9,138.8,132.6,133.4,136.5,139.7
149.6,236.9,133.7,136.4,141.8,137.9,134.4,139.3,133,133.8,136.8,140
150,237.5,134,136.6,142.1,138.2,134.9,139.5,133.4,134.3,137.2,140.2
150.4,238.1,134.3,136.8,142.3,138.6,135.3,139.7,133.8,134.8,137.7,140.4
150.8,238.8,134.9,137.1,142.6,139,135.6,140.1,134.1,135.3,138.3,140.8
151.2,239.4,135.4,137.4,143.1,139.4,135.9,140.7,134.6,135.7,138.8,141.3
151.6,240,135.8,137.7,144,139.8,136.4,141.3,135,136.1,139.2,141.8
152,240.7,136.1,138,144.8,140.2,136.8,141.7,135.4,136.3,139.6,142.4
152.4,241.3,136.4,138.3,145.1,140.4,137.3,141.9,135.8,136.6,139.9,142.6
152.8,241.9,136.6,138.6,145.2,140.8,137.6,142.1,136.2,137.1,140.3,142.9
153.2,242.6,137.1,138.9,145.3,141.1,137.8,142.3,136.6,137.4,140.6,143
153.6,243.2,137.4,139.3,145.2,141.3,137.9,142.8,136.9,137.8,140.9,143.1
154,243.8,137.9,139.9,145.2,141.4,138.1,143.4,137.4,138.2,141.1,143.2
154.4,244.5,138.3,140.3,145.2,141.6,138.1,143.8,137.8,138.6,141.4,143.3
154.8,245.1,138.7,140.7,145.2,141.9,138.2,144.1,138.1,138.9,141.6,143.3
155.2,245.7,139,141.1,145.2,142.2,138.3,144.3,138.5,139.3,141.9,143.3
155.6,246.4,139.4,141.4,145.2,142.4,138.4,144.5,138.8,139.8,142.4,143.4
156,247,139.9,141.9,145.2,142.8,138.5,144.9,139.2,140.1,142.8,143.4
156.4,247.6,140.4,142.5,145.3,143,138.6,145.6,139.6,140.4,143.2,143.4
156.8,248.3,140.9,143,145.4,143.3,138.6,145.9,139.9,140.8,143.6,143.5
157.2,248.9,141.1,143.4,145.6,143.6,138.8,146.1,140.3,141.1,143.9,143.6
157.6,249.5,141.4,143.7,146,143.9,139,146.2,140.6,141.4,144.2,143.8
158,250.2,141.5,143.9,146.4,144.2,139.4,146.4,141.1,141.8,144.6,144.1
158.4,250.8,141.6,144,147.3,144.6,140.1,146.8,141.4,142.3,144.9,144.6
158.8,251.4,141.8,144.1,148,144.9,140.7,147.2,141.8,142.6,145.3,145.2
159.2,252.1,142,144.2,148.4,145.2,141.3,147.6,142.3,142.9,145.6,145.7
159.6,252.7,142.1,144.3,148.7,145.6,141.8,147.9,142.6,143.3,145.9,146.1
160,253.3,142.3,144.4,149.1,145.9,142.3,147.9,142.9,143.4,146.1,146.4
160.4,254,142.4,144.6,149.5,146.2,142.6,147.9,143.2,143.7,146.3,146.8
160.8,254.6,142.6,144.6,150.1,146.6,143.1,147.8,143.4,143.9,146.4,147.2
161.2,255.2,142.8,144.8,150.8,146.9,143.6,147.7,143.6,144.1,146.6,147.7
161.6,255.9,143.1,145,151.4,147.3,144.3,147.6,143.9,144.3,146.8,148.1
162,256.5,143.4,145.3,151.7,147.7,144.8,147.5,144.1,144.5,147,148.4
162.4,257.1,143.8,145.8,151.9,148,145.3,147.4,144.3,144.7,147.2,148.6
162.8,257.8,144.3,146.2,152.3,148.4,145.7,147.4,144.4,144.8,147.3,149
163.2,258.4,144.9,146.9,152.8,148.7,146.2,147.4,144.6,145,147.5,149.4
163.6,259,145.4,147.4,153.4,149.1,146.8,147.4,144.8,145.2,147.8,150.1
164,259.7,145.8,147.9,153.9,149.4,147.2,147.5,145,145.4,148.2,150.5
164.4,260.3,146,148.2,154.2,149.7,147.6,147.7,145.2,145.8,148.6,150.9
164.8,260.9,146.3,148.5,154.4,150.1,147.9,147.9,145.4,146.1,149.1,151.3
165.2,261.6,146.7,148.9,154.6,150.4,148.1,148.4,145.8,146.6,149.4,151.5
165.6,262.2,147.1,149.3,154.9,150.8,148.3,149.1,146.1,147.1,149.9,151.8
166,262.8,147.5,149.8,155.5,151.2,148.6,150,146.4,147.4,150.3,152.3
166.4,263.5,147.9,150.1,156.1,151.5,149.1,150.8,146.8,147.8,150.6,152.6
166.8,264.1,148.1,150.4,156.4,151.8,149.5,151.5,147.1,148.1,150.8,152.9
167.2,264.7,148.4,150.7,156.7,152.1,149.9,151.9,147.4,148.4,151.2,153.2
167.6,265.4,148.8,151,156.9,152.4,150.2,152.3,147.8,148.8,151.6,153.4
168,266,149.2,151.4,157.1,152.8,150.5,152.6,148.1,149.2,151.9,153.7
168.4,266.6,149.6,151.9,157.5,153.1,150.9,153.2,148.4,149.6,152.4,154.1
168.8,267.3,149.9,152.3,158,153.4,151.4,153.9,148.8,149.9,152.7,154.5
169.2,267.9,150.2,152.6,158.4,153.8,151.8,154.4,149.2,150.2,152.9,154.9
169.6,268.5,150.4,152.9,158.5,154,152.2,154.8,149.5,150.4,153.3,155.1
170,269.2,150.7,153.1,158.6,154.4,152.5,154.9,149.9,150.7,153.6,155.3
170.4,269.8,151.1,153.6,158.8,154.6,152.7,155.3,150.3,151.1,153.9,155.6
170.8,270.4,151.5,153.9,159.1,154.9,152.9,155.8,150.6,151.4,154.1,155.9
171.2,271.1,151.9,154.2,159.4,155.2,153.2,156.3,151,151.7,154.4,156.2
171.6,271.7,152.2,154.4,159.9,155.5,153.6,156.8,151.4,151.9,154.7,156.5
172,272.3,152.4,154.6,160.1,155.8,153.9,157.1,151.7,152.3,154.9,156.7
172.4,273,152.7,154.8,160.2,156.1,154.1,157.3,151.9,152.7,155.3,156.8
172.8,273.6,153.1,154.9,160.3,156.4,154.4,157.4,152.3,153.1,155.8,157
173.2,274.2,153.6,155.2,160.8,156.8,154.6,157.9,152.7,153.6,156.2,157.4
173.6,274.9,153.9,155.4,161.1,156.9,154.8,158.4,152.9,153.9,156.6,157.8
174,275.5,154.3,155.7,161.8,157.3,155.2,159.1,153.4,154.3,156.9,158.3
174.4,276.1,154.5,155.9,162.1,157.6,155.6,159.5,153.7,154.5,157.1,158.5
174.8,276.8,154.7,156.1,162.3,157.8,155.8,159.7,154,154.8,157.4,158.7
175.2,277.4,154.9,156.5,162.3,157.9,155.9,159.8,154.4,155.1,157.7,158.8
175.6,278,155.3,156.9,162.3,158.1,156.1,160,154.7,155.5,157.9,158.9
176,278.7,155.7,157.3,162.4,158.3,156.2,160.4,155.1,155.8,158.1,158.9
176.4,279.3,156.1,157.8,162.4,158.4,156.3,160.9,155.4,156.1,158.3,158.9
176.8,279.9,156.3,158.1,162.4,158.6,156.3,161.1,155.7,156.4,158.5,158.9
177.2,280.6,156.6,158.3,162.5,158.9,156.4,161.3,156,156.8,158.9,159
177.6,281.2,156.9,158.6,162.5,159.1,156.4,161.4,156.3,157.1,159.2,159.1
178,281.8,157.1,158.9,162.6,159.3,156.6,161.6,156.6,157.5,159.6,159.1
178.4,282.5,157.6,159.3,162.6,159.6,156.6,162.1,156.9,157.8,160.1,159.1
178.8,283.1,158,159.6,162.8,159.8,156.7,162.6,157.3,158.1,160.4,159.2
179.2,283.7,158.3,160,162.9,160.1,156.8,163.1,157.6,158.3,160.8,159.3
179.6,284.4,158.6,160.3,163.2,160.3,156.9,163.3,157.9,158.6,161.1,159.4
180,285,158.8,160.4,163.5,160.6,157.1,163.3,158.2,158.9,161.3,159.5
180.4,285.6,158.9,160.6,163.9,160.9,157.4,163.4,158.4,159.2,161.5,159.9
180.8,286.3,159.1,160.8,164.4,161.1,157.9,163.6,158.8,159.5,161.8,160.4
181.2,286.9,159.3,161,165,161.4,158.3,164,159.1,159.9,162.1,160.9
181.6,287.5,159.6,161.3,165.3,161.7,158.9,164.4,159.4,160.1,162.3,161.3
182,288.2,160,161.7,165.6,162.1,159.3,164.7,159.8,160.3,162.5,161.6
182.4,288.8,160.3,162.3,165.9,162.4,159.6,164.9,160,160.6,162.6,161.9
182.8,289.4,160.7,162.6,166.3,162.6,159.9,165.1,160.3,160.8,162.9,162.3
183.2,290.1,160.9,162.9,166.6,163,160.3,165.1,160.4,160.9,163.1,162.6
183.6,290.7,161.1,163.1,167.3,163.3,160.9,165.1,160.7,161.2,163.3,163.1
184,291.3,161.3,163.2,167.6,163.6,161.4,165.1,160.9,161.4,163.6,163.3
184.4,292,161.5,163.5,168,163.9,161.9,165.3,161.2,161.8,163.9,163.6
184.8,292.6,161.9,163.8,168.2,164.3,162.4,165.6,161.4,162.1,164.1,163.9
185.2,293.2,162.2,164.1,168.4,164.6,162.8,166.1,161.7,162.3,164.3,164.1
185.6,293.9,162.4,164.3,168.6,164.9,163.1,166.4,161.9,162.6,164.5,164.5
186,294.5,162.6,164.5,169.2,165.2,163.6,166.6,162.3,162.8,164.8,165.1
186.4,295.1,162.9,164.7,169.6,165.4,164,166.8,162.4,163.1,165.1,165.4
186.8,295.8,163.1,164.9,169.9,165.8,164.3,166.9,162.6,163.4,165.4,165.8
187.2,296.4,163.3,165.2,170.1,166.1,164.4,167.1,162.9,163.7,165.9,166.1
187.6,297,163.5,165.4,170.3,166.3,164.6,167.5,163.3,164.1,166.3,166.3
188,297.7,163.8,165.7,170.4,166.6,164.8,167.9,163.5,164.3,166.5,166.6
188.4,298.3,163.9,165.9,170.8,166.9,165.1,168.3,163.8,164.4,166.7,166.9
188.8,298.9,164.1,166.1,171.2,167.2,165.4,168.4,164.1,164.6,166.9,167.3
189.2,299.6,164.3,166.3,171.4,167.4,165.9,168.4,164.3,164.8,167.1,167.5
189.6,300.2,164.6,166.5,171.6,167.7,166.3,168.6,164.4,165.1,167.3,167.8
190,300.8,164.9,166.8,171.7,168,166.5,168.9,164.7,165.3,167.4,167.9
190.4,301.5,165.1,166.9,171.9,168.3,166.7,169.3,165,165.4,167.5,168.1
190.8,302.1,165.3,167.1,172.1,168.5,167,169.6,165.2,165.6,167.6,168.4
191.2,302.7,165.5,167.1,172.6,168.8,167.4,169.9,165.4,165.9,167.9,168.9
191.6,303.4,165.8,167.3,172.9,169.1,167.8,170.1,165.7,166.3,168.3,169.3
192,304,166,167.4,173.1,169.4,168.1,170.1,165.9,166.5,168.5,169.6
192.4,304.6,166.3,167.6,173.2,169.6,168.2,170.4,166.1,166.8,168.9,169.8
192.8,305.3,166.5,167.8,173.3,169.9,168.3,170.8,166.4,167.1,169.1,170.1
193.2,305.9,166.8,168,173.5,170.1,168.5,171.1,166.6,167.3,169.3,170.3
193.6,306.5,166.9,168.1,173.8,170.4,168.8,171.3,166.9,167.4,169.4,170.6
194,307.2,167.1,168.3,174.1,170.6,169.1,171.4,167.1,167.6,169.6,170.8
194.4,307.8,167.3,168.4,174.3,170.8,169.4,171.4,167.3,167.8,169.7,171
194.8,308.4,167.4,168.7,174.4,171.1,169.6,171.6,167.5,168,169.9,171.1
195.2,309.1,167.8,169.1,174.6,171.3,169.8,171.8,167.7,168.2,170,171.3
195.6,309.7,168,169.3,174.7,171.6,169.9,172.1,167.9,168.3,170.1,171.5
196,310.3,168.2,169.5,174.9,171.8,170.1,172.3,168.1,168.5,170.3,171.8
196.4,311,168.3,169.7,175.3,172.1,170.4,172.4,168.3,168.7,170.5,172.1
196.8,311.6,168.5,169.9,175.4,172.3,170.7,172.4,168.4,168.9,170.8,172.4
197.2,312.2,168.8,170.1,175.6,172.5,170.8,172.4,168.7,169.1,171.1,172.5
197.6,312.9,169.1,170.3,175.6,172.8,171,172.5,168.9,169.3,171.4,172.6
198,313.5,169.3,170.5,175.8,172.9,171.1,172.6,169.1,169.4,171.6,172.7
198.4,314.1,169.5,170.7,175.8,173.2,171.3,172.7,169.3,169.6,171.7,172.8
198.8,314.8,169.6,170.9,176,173.4,171.4,172.8,169.5,169.9,171.9,172.9
199.2,315.4,169.8,171.1,176.3,173.6,171.6,172.9,169.7,170.1,172,173.1
199.6,316,169.9,171.1,176.5,173.8,171.7,173.1,169.9,170.3,172.1,173.3
200,316.7,170.1,171.3,176.9,174,172,173.4,170.1,170.5,172.3,173.5
200.4,317.3,170.3,171.4,177.1,174.3,172.3,173.7,170.3,170.6,172.4,173.8
200.8,317.9,170.4,171.6,177.3,174.4,172.4,174,170.4,170.8,172.5,173.9
201.2,318.6,170.7,171.9,177.3,174.6,172.6,174.2,170.6,170.9,172.6,174.1
201.6,319.2,170.9,172.1,177.4,174.8,172.7,174.3,170.8,171.1,172.8,174.3
202,319.8,171.1,172.3,177.6,175,172.8,174.3,170.9,171.3,172.9,174.4
202.4,320.5,171.3,172.4,177.9,175.2,173.1,174.3,171.1,171.4,173.1,174.6
202.8,321.1,171.4,172.6,178.3,175.3,173.4,174.3,171.3,171.6,173.3,174.8
203.2,321.7,171.5,172.7,178.4,175.5,173.6,174.4,171.4,171.8,173.4,175
203.6,322.4,171.7,172.9,178.4,175.7,173.8,174.7,171.6,172,173.6,175.1
204,323,171.9,173.2,178.5,175.8,174,174.9,171.7,172.2,173.7,175.3
204.4,323.6,172.2,173.4,178.6,176.1,174.3,175.3,172,172.4,173.9,175.5
204.8,324.3,172.3,173.5,178.8,176.3,174.5,175.4,172.1,172.5,174.1,175.7
205.2,324.9,172.5,173.7,179.1,176.4,174.8,175.6,172.3,172.8,174.3,176
205.6,325.5,172.6,173.8,179.3,176.6,174.9,175.6,172.5,173,174.6,176.3
206,326.2,172.8,174.1,179.3,176.8,175,175.8,172.7,173.3,174.8,176.4
206.4,326.8,173,174.3,179.3,177,175.1,176.1,172.9,173.4,175,176.4
206.8,327.4,173.2,174.5,179.4,177.1,175.2,176.4,173.1,173.5,175.2,176.6
207.2,328.1,173.3,174.6,179.6,177.3,175.3,176.6,173.3,173.6,175.3,176.9
207.6,328.7,173.4,174.8,179.9,177.4,175.5,176.6,173.4,173.8,175.5,177.1
208,329.3,173.6,174.9,180.1,177.6,175.8,176.7,173.5,173.9,175.6,177.3
208.4,330,173.7,175.1,180.1,177.8,175.9,176.8,173.7,174.1,175.7,177.3
208.8,330.6,173.9,175.3,180.2,177.9,176.1,177.1,173.8,174.3,175.8,177.4
209.2,331.2,174.1,175.4,180.3,178.1,176.3,177.3,174.1,174.4,175.9,177.6
209.6,331.9,174.3,175.5,180.4,178.3,176.4,177.4,174.2,174.5,176.1,177.8
210,332.5,174.4,175.6,180.6,178.4,176.6,177.5,174.3,174.7,176.3,178
210.4,333.1,174.5,175.7,180.8,178.6,176.9,177.6,174.5,174.9,176.4,178.2
210.8,333.8,174.7,175.8,180.9,178.7,177.1,177.7,174.7,175.2,176.7,178.3
211.2,334.4,174.9,175.8,180.9,178.9,177.1,177.9,174.8,175.3,176.9,178.4
211.6,335,175.1,175.9,180.9,179,177.2,178.2,175,175.5,177.1,178.6
212,335.7,175.2,176.1,181.1,179.1,177.3,178.4,175.3,175.6,177.2,178.8
212.4,336.3,175.3,176.2,181.3,179.3,177.4,178.4,175.4,175.7,177.3,178.9
212.8,336.9,175.4,176.3,181.4,179.4,177.6,178.4,175.4,175.8,177.4,179.1
213.2,337.6,175.6,176.4,181.5,179.5,177.9,178.5,175.6,176,177.4,179.2
213.6,338.2,175.7,176.6,181.6,179.6,178,178.7,175.8,176.1,177.5,179.3
214,338.8,175.9,176.9,181.6,179.8,178.1,178.9,175.9,176.3,177.6,179.3
214.4,339.5,176.1,177.1,181.6,179.9,178.3,179.1,176.1,176.4,177.7,179.4
214.8,340.1,176.3,177.2,181.8,180.1,178.4,179.2,176.2,176.5,177.8,179.6
215.2,340.7,176.4,177.4,182.1,180.3,178.6,179.3,176.4,176.8,178.1,179.9
215.6,341.4,176.5,177.5,182.1,180.4,178.8,179.3,176.5,177,178.3,180.1
216,342,176.7,177.6,182.2,180.6,178.9,179.5,176.7,177.1,178.4,180.1
216.4,342.6,176.9,177.9,182.3,180.7,178.9,179.8,176.9,177.3,178.6,180.1
216.8,343.3,177.1,178.1,182.3,180.8,179.1,180.1,177,177.4,178.8,180.2
217.2,343.9,177.3,178.3,182.3,180.9,179.1,180.1,177.1,177.5,178.9,180.2
217.6,344.5,177.3,178.3,182.3,181.1,179.1,180.2,177.3,177.6,179,180.3
218,345.2,177.4,178.4,182.4,181.2,179.3,180.3,177.4,177.9,179.1,180.4
218.4,345.8,177.4,178.4,182.6,181.3,179.4,180.3,177.5,178.1,179.2,180.6
218.8,346.4,177.5,178.5,182.8,181.4,179.5,180.5,177.6,178.2,179.3,180.8
219.2,347.1,177.6,178.6,182.9,181.5,179.7,180.8,177.8,178.3,179.4,180.9
219.6,347.7,177.7,178.6,182.9,181.6,179.8,180.9,178,178.4,179.5,181
220,348.3,177.8,178.8,183.1,181.8,179.9,181.1,178.2,178.5,179.6,181.1
220.4,349,177.9,178.8,183.1,181.9,180.1,181.1,178.3,178.6,179.8,181.3
220.8,349.6,178,178.9,183.3,182.1,180.1,181.1,178.4,178.7,179.8,181.4
221.2,350.2,178.1,179.1,183.4,182.1,180.3,181.1,178.5,178.8,179.9,181.5
221.6,350.9,178.3,179.1,183.5,182.3,180.5,181,178.6,178.8,179.9,181.6
222,351.5,178.4,179.3,183.6,182.3,180.6,180.9,178.7,178.9,180.1,181.6
222.4,352.1,178.6,179.6,183.6,182.4,180.8,180.9,178.8,179,180.1,181.8
222.8,352.8,178.8,179.9,183.7,182.5,180.9,180.9,178.9,179.1,180.2,181.8
223.2,353.4,179.1,180.1,183.8,182.6,181,180.9,178.9,179.1,180.3,182
223.6,354,179.3,180.4,184,182.8,181.2,180.9,179.1,179.3,180.4,182.2
224,354.7,179.4,180.6,184.1,182.9,181.3,180.9,179.2,179.4,180.7,182.4
224.4,355.3,179.6,180.8,184.2,183.1,181.4,181,179.3,179.5,180.9,182.5
224.8,355.9,179.8,181,184.3,183.1,181.5,181.1,179.4,179.7,181.3,182.6
225.2,356.6,180,181.3,184.3,183.2,181.5,181.3,179.4,179.9,181.4,182.6
225.6,357.2,180.3,181.5,184.4,183.3,181.6,181.8,179.6,180.1,181.7,182.8
226,357.8,180.4,181.8,184.5,183.4,181.7,182.4,179.8,180.3,181.9,182.9
226.4,358.5,180.7,182.1,184.6,183.5,181.9,182.9,180,180.5,182.2,183
226.8,359.1,180.9,182.3,184.8,183.6,182.1,183.4,180.1,180.6,182.4,183.1
227.2,359.7,181.1,182.4,184.8,183.6,182.1,183.6,180.3,180.9,182.6,183.1
227.6,360.4,181.3,182.7,184.8,183.8,182.3,183.8,180.5,181.1,183,183.2
228,361,181.5,183.1,185,183.9,182.3,184,180.8,181.4,183.3,183.3
228.4,361.6,181.7,183.4,185.1,184,182.4,184.3,181,181.6,183.5,183.5
228.8,362.3,181.9,183.7,185.3,184.1,182.6,184.5,181.1,181.8,183.8,183.6
229.2,362.9,182.1,183.9,185.4,184.2,182.8,184.7,181.4,182,183.9,183.8
229.6,363.5,182.2,184,185.4,184.3,182.8,184.9,181.5,182.1,184.1,183.9
230,364.2,182.3,184.1,185.4,184.4,182.9,185,181.7,182.3,184.3,183.9
230.4,364.8,182.5,184.2,185.5,184.4,182.9,185.2,181.9,182.4,184.4,184
230.8,365.4,182.7,184.3,185.6,184.5,183.1,185.6,182.1,182.6,184.6,184.1
231.2,366.1,182.9,184.4,185.8,184.7,183.3,186.1,182.3,182.9,184.8,184.3
231.6,366.7,183.1,184.4,185.9,184.8,183.4,186.4,182.4,183.1,185.1,184.3
232,367.3,183.3,184.6,186,184.9,183.4,186.6,182.6,183.3,185.3,184.4
232.4,368,183.4,184.6,186.1,185,183.5,186.6,182.9,183.5,185.6,184.4
232.8,368.6,183.6,184.8,186.1,185.1,183.6,186.8,183.1,183.8,185.9,184.5
233.2,369.2,183.9,184.9,186.2,185.2,183.6,187.1,183.3,184.1,186.1,184.6
233.6,369.9,184.1,185.1,186.3,185.3,183.8,187.3,183.5,184.3,186.4,184.9
234,370.5,184.3,185.2,186.4,185.4,183.9,187.6,183.7,184.4,186.5,185
234.4,371.1,184.3,185.3,186.4,185.5,184,187.8,183.9,184.5,186.6,185.1
234.8,371.8,184.6,185.6,186.6,185.6,184.1,187.9,184.2,184.8,186.9,185.3
235.2,372.4,184.8,185.8,186.6,185.8,184.3,188,184.3,184.9,186.9,185.3
235.6,373,184.9,186.1,186.6,185.8,184.3,188.2,184.5,185.1,187.1,185.3
236,373.7,185.2,186.4,186.6,185.9,184.3,188.5,184.7,185.3,187.2,185.3
236.4,374.3,185.4,186.6,186.7,186.1,184.3,188.8,184.9,185.4,187.3,185.4
236.8,374.9,185.5,186.8,186.8,186.1,184.4,188.9,185.1,185.6,187.4,185.4
237.2,375.6,185.7,187,186.8,186.3,184.4,189,185.3,185.8,187.6,185.4
237.6,376.2,185.9,187.2,186.9,186.4,184.4,189.1,185.4,186.1,187.9,185.4
238,376.8,186.1,187.4,186.9,186.5,184.6,189.3,185.6,186.3,188.3,185.4
238.4,377.5,186.4,187.6,187.1,186.8,184.6,189.6,185.9,186.5,188.5,185.6
238.8,378.1,186.6,187.9,187.3,187,184.8,189.9,186.1,186.6,188.7,185.6
239.2,378.7,186.7,188.1,187.6,187.1,185,190.1,186.3,186.8,188.9,185.7
239.6,379.4,186.9,188.2,187.9,187.3,185.2,190.1,186.4,186.9,188.9,185.9
240,380,187,188.3,188.3,187.4,185.4,190.1,186.6,187.1,189.1,186.1
240.4,380.6,187.1,188.3,188.7,187.6,185.8,190.3,186.8,187.3,189.2,186.3
240.8,381.3,187.1,188.4,189.1,187.8,186.1,190.4,186.9,187.5,189.3,186.7
241.2,381.9,187.2,188.4,189.4,188,186.4,190.7,187.1,187.6,189.5,187.1
241.6,382.5,187.3,188.6,189.8,188.3,186.9,191,187.3,187.9,189.6,187.4
242,383.2,187.4,188.6,190,188.4,187.2,191.1,187.5,188,189.8,187.6
242.4,383.8,187.5,188.7,190.3,188.6,187.4,191.1,187.6,188.1,189.9,187.9
242.8,384.4,187.6,188.8,190.5,188.9,187.6,191.1,187.8,188.2,189.9,188.3
243.2,385.1,187.7,188.9,191.1,189.1,187.9,191.1,187.9,188.3,190,188.6
243.6,385.7,187.8,189,191.5,189.3,188.2,190.9,188.1,188.4,190.1,189
244,386.3,187.9,189.1,191.8,189.5,188.4,190.9,188.1,188.4,190.1,189.3
244.4,387,188.1,189.3,192,189.8,188.8,190.9,188.3,188.6,190.3,189.5
244.8,387.6,188.3,189.6,192.2,190,189,190.8,188.4,188.8,190.3,189.7
245.2,388.2,188.6,189.9,192.4,190.2,189.3,190.8,188.5,188.8,190.4,189.9
245.6,388.9,188.9,190.3,192.9,190.4,189.5,190.7,188.6,188.9,190.6,190.3
246,389.5,189.1,190.4,193.3,190.6,189.8,190.7,188.7,189.1,190.8,190.6
246.4,390.1,189.2,190.6,193.4,190.8,190,190.7,188.8,189.2,191,190.8
246.8,390.8,189.4,190.9,193.6,191.1,190.2,190.9,189,189.5,191.3,191.1
247.2,391.4,189.6,191.1,193.8,191.3,190.3,191.1,189.1,189.8,191.5,191.3
247.6,392,189.8,191.3,193.9,191.4,190.4,191.3,189.3,190,191.8,191.4
248,392.7,190,191.6,194.2,191.6,190.6,191.8,189.4,190.2,192,191.8
248.4,393.3,190.2,191.9,194.5,191.9,190.8,192.2,189.6,190.3,192.1,191.9
248.8,393.9,190.3,192,194.8,192,191.1,192.5,189.9,190.5,192.3,192.1
249.2,394.6,190.5,192.1,194.8,192.2,191.3,192.8,190.1,190.6,192.4,192.3
249.6,395.2,190.8,192.3,194.9,192.4,191.5,193,190.3,190.9,192.6,192.4
250,395.8,190.9,192.4,195.1,192.7,191.7,193.2,190.4,191.1,192.8,192.6
250.4,396.5,191.1,192.6,195.3,192.8,191.9,193.4,190.6,191.3,192.9,192.8
250.8,397.1,191.3,192.8,195.4,193,192.1,193.9,190.8,191.4,193.1,193.1
251.2,397.7,191.4,192.9,195.6,193.2,192.3,194.1,190.9,191.6,193.2,193.3
251.6,398.4,191.5,193,195.8,193.3,192.4,194.3,191.1,191.8,193.3,193.4
252,399,191.7,193.1,195.8,193.5,192.6,194.4,191.3,191.9,193.5,193.6
252.4,399.6,191.9,193.3,195.9,193.8,192.7,194.7,191.5,192.1,193.8,193.8
252.8,400.3,192.1,193.4,196.1,193.9,192.8,194.9,191.8,192.3,194,193.9
253.2,400.9,192.3,193.7,196.3,194.1,192.9,195.3,191.9,192.4,194.2,194.2
253.6,401.5,192.5,193.8,196.6,194.2,193.1,195.6,192.1,192.6,194.3,194.3
254,402.2,192.7,193.9,196.7,194.3,193.3,195.9,192.3,192.8,194.5,194.4
254.4,402.8,192.8,194.1,196.8,194.5,193.4,195.9,192.4,193,194.7,194.6
254.8,403.4,193.1,194.3,196.9,194.8,193.6,196.1,192.8,193.3,194.9,194.8
255.2,404.1,193.3,194.4,197,194.9,193.8,196.4,192.9,193.4,195,194.9
255.6,404.7,193.4,194.5,197.2,195.1,193.9,196.9,193.1,193.6,195.1,195.1
256,405.3,193.6,194.7,197.4,195.3,194.1,197.3,193.2,193.8,195.3,195.3
256.4,406,193.8,194.9,197.6,195.4,194.2,197.4,193.4,193.9,195.4,195.5
256.8,406.6,193.9,195.1,197.7,195.5,194.3,197.5,193.6,194.1,195.7,195.7
257.2,407.2,194.1,195.3,197.8,195.7,194.4,197.6,193.8,194.3,195.9,195.8
257.6,407.9,194.3,195.6,197.8,195.8,194.6,197.8,194,194.6,196.1,195.9
258,408.5,194.6,195.9,197.8,195.9,194.6,197.9,194.2,194.8,196.3,195.9
258.4,409.1,194.8,196.1,197.8,195.9,194.6,198.1,194.4,194.9,196.4,195.9
258.8,409.8,194.9,196.3,197.8,196.1,194.6,198.1,194.6,195.1,196.5,195.9
259.2,410.4,195.1,196.4,197.8,196.2,194.6,198.2,194.8,195.2,196.7,195.9
259.6,411,195.3,196.7,197.9,196.4,194.8,198.3,194.9,195.4,196.9,196.1
260,411.7,195.4,196.8,197.9,196.5,194.8,198.6,195.1,195.7,197.1,196.1
260.4,412.3,195.7,196.9,197.9,196.7,194.8,199,195.3,195.9,197.3,196.1
260.8,412.9,195.9,197.1,198.1,196.9,194.9,199.3,195.4,195.9,197.4,196.2
261.2,413.6,196.1,197.3,198.2,197,194.9,199.6,195.6,196.1,197.6,196.3
261.6,414.2,196.2,197.5,198.3,197.1,195,199.8,195.8,196.3,197.9,196.5
262,414.8,196.3,197.8,198.6,197.3,195.1,199.8,196,196.6,198.1,196.8
262.4,415.5,196.4,197.9,198.9,197.5,195.3,199.8,196.1,196.8,198.3,197.1
262.8,416.1,196.6,197.9,199.1,197.7,195.6,199.9,196.3,197,198.6,197.4
263.2,416.7,196.8,198.1,199.4,197.9,195.9,200.1,196.6,197.2,198.8,197.9
263.6,417.4,196.8,198.2,199.6,198.1,196.1,200.3,196.8,197.3,198.9,198.1
264,418,196.9,198.4,199.9,198.3,196.4,200.6,197,197.5,199.2,198.3
264.4,418.6,197.1,198.5,200,198.4,196.8,200.8,197.1,197.7,199.3,198.5
264.8,419.3,197.2,198.7,200.3,198.6,196.9,200.8,197.3,197.8,199.4,198.7
265.2,419.9,197.3,198.8,200.6,198.8,197.1,200.8,197.4,197.9,199.6,198.9
265.6,420.5,197.4,199,200.9,199,197.3,200.8,197.6,198,199.7,199.1
266,421.2,197.6,199.1,201.1,199.1,197.7,200.8,197.7,198.1,199.9,199.3
266.4,421.8,197.9,199.4,201.4,199.4,198,200.8,197.9,198.3,200.1,199.5
266.8,422.4,198.1,199.6,201.6,199.6,198.2,200.8,198,198.4,200.3,199.7
267.2,423.1,198.5,199.9,201.8,199.8,198.4,200.7,198.1,198.4,200.5,199.9
267.6,423.7,198.8,200.1,202.1,199.9,198.6,200.7,198.2,198.6,200.8,200.1
268,424.3,199.1,200.3,202.4,200.1,198.9,200.7,198.3,198.8,201.1,200.4
268.4,425,199.3,200.6,202.7,200.3,199.1,200.9,198.6,199.1,201.6,200.8
268.8,425.6,199.6,200.9,202.8,200.4,199.3,201.1,198.8,199.3,202,200.9
269.2,426.2,199.9,201.3,202.9,200.6,199.4,201.6,198.9,199.7,202.4,201.1
269.6,426.9,200.1,201.6,203.1,200.8,199.6,202.3,199.2,200,202.8,201.1
270,427.5,200.4,201.9,203.2,200.9,199.8,203.1,199.5,200.3,203.1,201.3
270.4,428.1,200.8,202.3,203.4,201.1,199.9,204.1,199.8,200.6,203.3,201.4
270.8,428.8,201.1,202.6,203.6,201.3,200.2,204.9,200.1,200.9,203.6,201.7
271.2,429.4,201.4,202.9,203.8,201.4,200.4,205.3,200.4,201.3,203.8,201.8
271.6,430,201.6,203.3,203.9,201.6,200.6,205.6,200.6,201.6,203.9,201.9
272,430.7,201.9,203.7,203.9,201.8,200.7,206.1,200.9,201.9,204.2,202
272.4,431.3,202.2,204.1,204.1,201.9,200.8,206.8,201.1,202.2,204.4,202.2
272.8,431.9,202.6,204.6,204.4,202.1,201.1,207.5,201.4,202.5,204.8,202.5
273.2,432.6,202.8,204.9,204.8,202.3,201.3,208.1,201.8,202.7,205.1,202.8
273.6,433.2,203.1,205.2,204.9,202.4,201.3,208.4,202,202.9,205.4,202.9
274,433.8,203.3,205.5,204.9,202.6,201.4,208.5,202.3,203.2,205.8,203
274.4,434.5,203.7,206,205.1,202.9,201.6,208.8,202.7,203.6,206.3,203.2
274.8,435.1,204.1,206.3,205.1,203,201.8,209.3,203.1,203.9,206.7,203.3
275.2,435.7,204.3,206.6,205.3,203.1,201.9,209.9,203.4,204.2,207.1,203.4
275.6,436.4,204.7,206.9,205.4,203.3,202.1,210.3,203.8,204.4,207.4,203.6
276,437,204.9,207.1,205.5,203.4,202.3,210.6,204,204.8,207.6,203.8
276.4,437.6,205.3,207.3,205.6,203.7,202.6,210.8,204.3,205.3,208.1,203.9
276.8,438.3,205.5,207.5,205.8,203.9,202.7,210.9,204.6,205.6,208.4,204
277.2,438.9,205.9,207.8,205.9,204.1,202.8,211.2,204.9,205.9,208.8,204.2
277.6,439.5,206.3,208.1,206.2,204.2,202.9,211.7,205.2,206.3,209.1,204.4
278,440.2,206.5,208.4,206.5,204.3,203.1,212.3,205.5,206.5,209.3,204.8
278.4,440.8,206.9,208.6,206.9,204.6,203.4,212.6,205.9,206.8,209.6,204.9
278.8,441.4,207.1,208.9,207.1,204.8,203.6,212.8,206.1,207,209.9,205.1
279.2,442.1,207.3,209.3,207.1,204.9,203.8,212.8,206.4,207.3,210.3,205.3
279.6,442.7,207.6,209.6,207.1,205.1,203.8,213,206.8,207.6,210.5,205.4
280,443.3,208.1,210.1,207.2,205.2,203.9,213.4,207.1,207.9,210.8,205.5
280.4,444,208.4,210.6,207.3,205.4,204.1,213.9,207.5,208.3,211.1,205.7
280.8,444.6,208.8,210.9,207.4,205.6,204.1,214.3,207.8,208.6,211.3,205.8
281.2,445.2,209,211.1,207.4,205.8,204.1,214.4,208.1,208.9,211.5,205.9
281.6,445.9,209.3,211.4,207.6,206.1,204.2,214.4,208.3,209.3,211.9,206.1
282,446.5,209.6,211.7,207.9,206.4,204.3,214.6,208.6,209.6,212.3,206.3
282.4,447.1,210,212,208.2,206.6,204.4,215.1,208.9,210,212.6,206.5
282.8,447.8,210.3,212.3,208.5,206.9,204.6,215.6,209.3,210.3,212.9,206.7
283.2,448.4,210.6,212.5,209.1,207.3,204.8,216.1,209.5,210.4,213.2,206.9
283.6,449,210.9,212.8,209.4,207.6,205.1,216.3,209.8,210.7,213.4,207.2
284,449.7,211.2,213.1,210.1,208.1,205.4,216.5,210.2,211.1,213.8,207.5
284.4,450.3,211.4,213.3,210.7,208.4,205.9,216.6,210.4,211.4,214.1,207.9
284.8,450.9,211.6,213.5,211.5,208.8,206.4,216.8,210.8,211.8,214.4,208.5
285.2,451.6,211.9,213.8,212.1,209.1,207.1,217.3,211.1,212.1,214.6,209.1
285.6,452.2,212.3,214.3,212.7,209.5,207.8,217.8,211.4,212.4,214.9,209.8
286,452.8,212.7,214.7,213.3,209.9,208.3,218.3,211.8,212.6,215.3,210.3
286.4,453.5,213.1,215.2,213.7,210.3,208.8,218.4,212.1,212.9,215.4,210.6
286.8,454.1,213.4,215.6,214.4,210.7,209.3,218.6,212.3,213.1,215.6,211.2
287.2,454.7,213.8,215.9,215.2,211.1,209.8,218.6,212.6,213.4,215.9,211.7
287.6,455.4,214.1,216.3,215.9,211.6,210.4,218.7,212.9,213.7,216.3,212.3
288,456,214.4,216.6,216.4,211.9,211.1,218.9,213.2,214.1,216.7,212.7
288.4,456.6,214.7,217,216.7,212.3,211.5,219.3,213.5,214.4,217.1,213.1
288.8,457.3,215.1,217.5,217,212.7,211.9,220,213.8,214.8,217.5,213.4
289.2,457.9,215.6,218,217.4,213.2,212.3,220.9,214.3,215.3,217.9,213.8
289.6,458.5,215.8,218.4,217.9,213.6,212.6,221.5,214.6,215.5,218.3,214.3
290,459.2,216.1,218.7,218.5,213.9,212.9,221.9,214.8,215.8,218.6,214.8
290.4,459.8,216.4,218.9,218.8,214.3,213.3,222.1,215.2,216.2,219,215.3
290.8,460.4,216.7,219.4,219.1,214.7,213.5,222.3,215.5,216.6,219.4,215.7
291.2,461.1,217,219.9,219.4,215.1,213.6,222.8,215.8,216.9,219.9,216.1
291.6,461.7,217.3,220.3,219.7,215.4,213.9,223.3,216.1,217.1,220.3,216.4
292,462.3,217.5,220.7,220,215.7,214.1,223.8,216.4,217.3,220.6,216.8
292.4,463,217.8,221,220.6,216.2,214.6,224.2,216.6,217.5,220.9,217.3
292.8,463.6,217.9,221.3,220.9,216.5,215.1,224.3,216.8,217.7,221.3,217.7
293.2,464.2,218.1,221.6,221.1,216.8,215.5,224.4,216.9,217.9,221.6,218
293.6,464.9,218.3,221.8,221.3,217.2,215.9,224.7,217.1,218.1,221.9,218.3
294,465.5,218.6,222.1,221.5,217.6,216.3,225.3,217.4,218.4,222.3,218.6
294.4,466.1,218.8,222.3,221.7,217.9,216.5,225.7,217.4,218.6,222.5,218.9
294.8,466.8,218.9,222.3,222.1,218.3,216.8,226.1,217.6,218.8,222.8,219.3
295.2,467.4,219,222.4,222.4,218.6,217.3,226.2,217.6,219,223,219.8
295.6,468,219.1,222.5,222.7,218.9,217.6,226.1,217.7,219.3,223.3,220.1
296,468.7,219.4,222.7,222.9,219.3,217.9,226.3,217.8,219.6,223.7,220.5
296.4,469.3,219.7,222.9,223.1,219.6,218.1,226.6,217.9,219.9,223.9,220.8
296.8,469.9,219.9,223,223.4,219.9,218.3,227,218,220.1,224.1,221.1
297.2,470.6,220.1,223.3,223.8,220.3,218.6,227.3,218.2,220.4,224.4,221.5
297.6,471.2,220.4,223.4,224.3,220.6,218.9,227.4,218.3,220.6,224.6,221.8
298,471.8,220.6,223.7,224.6,220.9,219.4,227.3,218.5,220.9,224.9,222.1
298.4,472.5,220.8,223.9,224.9,221.3,219.8,227.2,218.8,221.2,225.1,222.3
298.8,473.1,221.1,224.3,225.1,221.6,220.1,227.4,219.1,221.7,225.4,222.6
299.2,473.7,221.5,224.8,225.3,222,220.3,227.8,219.6,221.9,225.6,222.8
299.6,474.4,221.8,225.1,225.6,222.3,220.5,228,220.1,222.3,225.7,223.1
300,475,222.1,225.3,226,222.6,220.7,228.3,220.6,222.6,225.9,223.6
300.4,475.6,222.4,225.6,226.4,223,221.1,228.3,221.2,223,226.3,224.1
300.8,476.3,222.8,225.8,226.7,223.4,221.5,228.4,221.7,223.4,226.6,224.4
301.2,476.9,223.1,226,226.9,223.8,221.8,228.6,222.1,223.8,226.9,224.6
301.6,477.5,223.4,226.3,227.2,224.1,222,229.2,222.6,224.2,227.3,224.9
302,478.2,223.8,226.6,227.4,224.4,222.3,229.8,223,224.5,227.6,225.1
302.4,478.8,224.1,226.8,227.8,224.8,222.5,230.1,223.4,224.8,227.9,225.3
302.8,479.4,224.3,226.9,228.1,225.1,222.8,230.3,223.8,225,228.2,225.6
303.2,480.1,224.4,227.1,228.6,225.4,223.1,230.3,224.2,225.3,228.4,225.9
303.6,480.7,224.7,227.3,229.2,225.9,223.8,230.5,224.6,225.8,228.7,226.4
304,481.3,224.9,227.4,229.8,226.3,224.2,230.8,225,226.1,228.9,226.9
304.4,482,225.1,227.6,230.2,226.6,224.8,231.2,225.3,226.4,229.1,227.4
304.8,482.6,225.4,227.9,230.6,227.1,225.4,231.7,225.6,226.7,229.4,227.8
305.2,483.2,225.8,228.3,230.8,227.4,225.7,231.9,226,227,229.6,228.2
305.6,483.9,226.1,228.5,231.2,227.8,226.1,232.1,226.3,227.2,229.8,228.6
306,484.5,226.3,228.8,231.7,228.3,226.4,232.1,226.6,227.4,230,229
306.4,485.1,226.6,228.9,232.4,228.6,226.8,232.1,226.9,227.7,230.3,229.6
306.8,485.8,226.8,229.1,232.9,229,227.4,232.1,227.2,227.9,230.6,230
307.2,486.4,227.1,229.4,233.3,229.4,227.9,232.2,227.4,228.3,230.8,230.4
307.6,487,227.3,229.6,233.6,229.8,228.3,232.4,227.7,228.6,231,230.6
308,487.7,227.6,229.9,233.9,230.2,228.8,232.9,228,228.8,231.3,230.9
308.4,488.3,227.8,230.2,234.2,230.6,229.1,233.2,228.3,229.1,231.6,231.3
308.8,488.9,228.1,230.4,234.6,230.9,229.6,233.5,228.6,229.3,231.8,231.8
309.2,489.6,228.3,230.6,235.1,231.3,230,233.6,228.8,229.6,231.9,232.2
309.6,490.2,228.6,230.8,235.4,231.8,230.4,233.8,229,229.9,232.3,232.7
310,490.8,228.8,231.1,235.7,232.1,230.7,233.9,229.3,230.2,232.4,233
310.4,491.5,229,231.4,235.9,232.4,230.9,234.1,229.6,230.4,232.7,233.3
310.8,492.1,229.3,231.8,236.3,232.8,231.1,234.5,229.8,230.7,232.9,233.6
311.2,492.7,229.5,231.9,236.8,233.1,231.4,234.7,230,230.8,233.1,234.1
311.6,493.4,229.7,232.1,237.3,233.4,231.8,234.8,230.3,231,233.3,234.5
312,494,229.9,232.3,237.7,233.8,232.3,234.9,230.6,231.3,233.6,234.9
312.4,494.6,230.1,232.5,237.9,234.2,232.8,235.1,230.8,231.5,233.8,235.3
312.8,495.3,230.4,232.7,238.1,234.5,233.1,235.3,231,231.8,233.9,235.4
313.2,495.9,230.6,232.9,238.3,234.8,233.4,235.6,231.3,231.9,234.1,235.7
313.6,496.5,230.8,233,238.7,235.2,233.7,235.9,231.6,232.1,234.3,236
314,497.2,231,233.1,239.1,235.5,234.1,236.1,231.8,232.3,234.4,236.5
314.4,497.8,231.2,233.2,239.4,235.8,234.4,236.2,231.9,232.6,234.6,236.8
314.8,498.4,231.4,233.4,239.7,236.1,234.8,236.4,232.2,232.9,234.8,237.2
315.2,499.1,231.7,233.5,239.9,236.4,235.1,236.6,232.4,233.1,235,237.5
315.6,499.7,231.9,233.6,240,236.7,235.3,236.8,232.6,233.3,235.3,237.7
316,500.3,232.1,233.8,240.3,236.9,235.4,237.1,232.8,233.4,235.4,237.9
316.4,501,232.3,234,240.6,237.3,235.7,237.4,233.1,233.6,235.6,238.3
316.8,501.6,232.4,234.1,240.9,237.6,236,237.5,233.3,233.8,235.7,238.6
317.2,502.2,232.6,234.3,241.1,237.8,236.5,237.6,233.4,234,235.9,238.9
317.6,502.9,232.8,234.5,241.4,238.1,236.9,237.7,233.7,234.3,236.1,239.1
318,503.5,233,234.7,241.4,238.3,237.1,237.8,233.9,234.4,236.2,239.2
318.4,504.1,233.2,234.9,241.6,238.5,237.2,237.9,234.1,234.6,236.3,239.3
318.8,504.8,233.4,235.2,241.7,238.8,237.4,238.1,234.3,234.8,236.4,239.6
319.2,505.4,233.6,235.4,242,239.1,237.7,238.1,234.5,234.9,236.6,240
319.6,506,233.6,235.4,242.1,239.3,237.9,238.1,234.6,235.1,236.8,240.3
320,506.7,233.8,235.6,242.3,239.4,238.1,238.1,234.8,235.3,236.9,240.4
320.4,507.3,234.1,235.8,242.5,239.7,238.3,238.2,235,235.5,237.1,240.6
320.8,507.9,234.2,235.9,242.5,239.9,238.4,238.3,235.2,235.6,237.3,240.6
321.2,508.6,234.3,236.1,242.6,240.1,238.6,238.3,235.3,235.7,237.4,240.7
321.6,509.2,234.4,236.2,242.6,240.2,238.6,238.3,235.4,235.8,237.5,240.8
322,509.8,234.5,236.3,242.6,240.4,238.6,238.2,235.6,235.9,237.7,240.9
322.4,510.5,234.5,236.4,242.7,240.6,238.8,238.1,235.8,236.1,237.8,241
322.8,511.1,234.6,236.3,242.9,240.7,238.9,237.9,235.9,236.1,237.8,241.2
323.2,511.7,234.6,236.4,243.1,240.9,239.1,237.8,236.1,236.3,238,241.4
323.6,512.4,234.6,236.3,243.2,241,239.3,237.7,236.1,236.4,238.1,241.6
324,513,234.6,236.3,243.2,241.2,239.4,237.5,236.3,236.4,238.1,241.6
324.4,513.6,234.6,236.3,243.3,241.4,239.5,237.3,236.4,236.5,238.1,241.8
324.8,514.3,234.6,236.1,243.4,241.6,239.6,237.1,236.5,236.5,238.2,242
325.2,514.9,234.5,235.9,243.6,241.7,239.7,236.9,236.5,236.5,238.1,242.1
325.6,515.5,234.5,235.9,243.8,241.9,239.9,236.6,236.6,236.6,238.1,242.4
326,516.2,234.4,235.7,243.9,242,240.2,236.3,236.6,236.5,238.1,242.5
326.4,516.8,234.3,235.5,244,242.1,240.3,235.9,236.6,236.5,238.1,242.6
326.8,517.4,234.3,235.4,244.1,242.3,240.5,235.6,236.6,236.5,238.1,242.7
327.2,518.1,234.2,235.1,244.2,242.4,240.6,235.2,236.6,236.4,237.9,242.8
327.6,518.7,234,234.8,244.3,242.6,240.8,234.8,236.6,236.4,237.9,242.9
328,519.3,233.9,234.5,244.6,242.8,241,234.4,236.6,236.3,237.8,243.2
328.4,520,233.8,234.2,244.6,242.9,241.1,234,236.6,236.3,237.6,243.3
328.8,520.6,233.6,233.9,244.8,243,241.3,233.5,236.5,236.1,237.4,243.4
329.2,521.2,233.5,233.6,244.9,243.1,241.4,233.1,236.4,236,237.1,243.5
329.6,521.9,233.3,233.3,244.9,243.3,241.4,232.6,236.3,235.9,236.8,243.6
330,522.5,233.1,233,245.1,243.3,241.4,232.2,236.1,235.7,236.5,243.8
330.4,523.1,232.9,232.6,245.2,243.4,241.6,231.6,235.9,235.6,236.1,243.9
330.8,523.8,232.9,232.3,245.4,243.7,241.8,231,235.8,235.4,235.8,244.1
331.2,524.4,232.7,232.1,245.4,243.8,242,230.6,235.6,235.3,235.3,244.1
331.6,525,232.4,231.8,245.5,243.8,242.2,230.4,235.5,235,234.8,244.2
332,525.7,232.3,231.4,245.6,244,242.3,230.2,235.3,234.8,234.3,244.3
332.4,526.3,232.1,231.1,245.6,244.1,242.4,229.9,235.1,234.6,233.6,244.4
332.8,526.9,231.8,230.8,245.7,244.2,242.6,229.8,234.8,234.3,232.9,244.5
333.2,527.6,231.7,230.5,245.9,244.3,242.8,229.6,234.7,234.1,232.3,244.6
333.6,528.2,231.4,230.1,245.9,244.4,242.9,229.1,234.4,233.9,231.7,244.8
334,528.8,231.2,229.7,246,244.4,242.9,228.9,234.2,233.6,231,244.8
334.4,529.5,230.9,229.2,246.1,244.5,243,228.9,234,233.4,230.4,244.9
334.8,530.1,230.7,228.7,246.1,244.6,243,228.8,233.6,233.1,229.9,244.9
335.2,530.7,230.4,228.3,246.1,244.6,243.1,228.6,233.4,232.8,229.6,244.9
335.6,531.4,230.3,227.9,246.3,244.7,243.1,228.6,233.3,232.6,229.3,245.1
336,532,230,227.6,246.3,244.7,243.2,228.4,233.1,232.4,228.9,245.1
336.4,532.6,229.8,227.3,246.3,244.7,243.3,228.3,232.9,232.2,228.6,245
336.8,533.3,229.6,226.8,246.2,244.7,243.3,228.3,232.7,232,228.4,245
337.2,533.9,229.3,226.4,246,244.6,243.3,228.1,232.4,231.8,228.1,244.9
337.6,534.5,229,226.1,245.9,244.6,243.2,228,232.2,231.6,227.8,244.8
338,535.2,228.9,225.8,245.9,244.6,243.2,227.9,232.1,231.4,227.6,244.8
338.4,535.8,228.6,225.5,245.9,244.5,243.1,227.8,231.9,231.1,227.2,244.6
338.8,536.4,228.4,225.2,245.8,244.4,243,227.6,231.6,230.9,226.7,244.5
339.2,537.1,228.2,224.9,245.7,244.3,242.9,227.4,231.3,230.6,226.3,244.4
339.6,537.7,227.9,224.4,245.5,244.1,242.8,227.3,231.1,230.4,226,244.1
340,538.3,227.6,224.2,245.2,243.9,242.6,227,230.8,230.1,225.7,243.7
340.4,539,227.4,224,244.9,243.7,242.4,226.8,230.6,229.9,225.5,243.3
340.8,539.6,227.3,223.8,244.4,243.3,242.1,226.6,230.4,229.6,225.3,242.8
341.2,540.2,226.9,223.4,243.8,243.1,241.8,226.4,230.1,229.4,224.9,242.3
341.6,540.9,226.6,223.1,243.3,242.8,241.5,226.3,229.9,229.1,224.5,241.8
342,541.5,226.4,222.7,242.9,242.4,241.2,226.1,229.6,228.9,224.2,241.4
342.4,542.1,226.1,222.3,242.6,242,240.8,225.8,229.4,228.6,223.8,240.9
342.8,542.8,225.8,222,242.3,241.6,240.5,225.6,229.1,228.4,223.4,240.4
343.2,543.4,225.6,221.8,241.9,241.3,240.1,225.4,228.9,228.1,222.9,239.9
343.6,544,225.3,221.6,241.5,240.8,239.6,225.2,228.6,227.8,222.4,239.3
344,544.7,225.1,221.5,241.1,240.4,239.1,224.9,228.3,227.4,221.9,238.9
344.4,545.3,224.9,221.3,240.6,239.9,238.6,224.5,227.9,227.1,221.4,238.3
344.8,545.9,224.8,221.2,240.2,239.5,238.1,224.2,227.7,226.9,221,237.8
345.2,546.6,224.6,221,239.6,239.1,237.4,223.9,227.4,226.6,220.7,237.1
345.6,547.2,224.3,220.8,238.9,238.6,236.8,223.5,227.1,226.3,220.5,236.5
346,547.8,224.1,220.6,238.1,238.3,236.1,223.2,226.9,226.1,220.3,235.9
346.4,548.5,223.9,220.4,237.3,237.8,235.6,222.9,226.6,225.8,220,235.3
346.8,549.1,223.6,220.1,236.6,237.3,234.9,222.6,226.4,225.5,219.7,234.8
347.2,549.7,223.3,219.8,235.9,236.9,234.5,222.4,226.2,225.3,219.5,234.3
347.6,550.4,223,219.5,235.3,236.5,234,222.1,225.9,225,219.2,233.8
348,551,222.6,219.1,234.6,236,233.5,221.8,225.6,224.7,218.9,233.3
348.4,551.6,222.3,218.8,234,235.6,233.1,221.5,225.4,224.4,218.6,232.8
348.8,552.3,221.8,218.2,233.4,235.2,232.6,221,225.1,224.2,218.3,232.3
349.2,552.9,220.9,217.6,232.6,234.7,232.2,220.6,224.8,223.8,217.9,231.8
349.6,553.5,220.1,216.7,232.1,234.3,231.8,220.1,224.5,223.5,217.6,231.4
350,554.2,219.1,215.7,231.5,233.9,231.4,219.7,224.2,223.1,216.9,230.9
350.4,554.8,218.3,214.8,231,233.6,231.1,219.2,223.9,222.7,216.4,230.6
350.8,555.4,217.6,214.1,230.5,233.1,230.7,218.5,223.5,222.1,215.5,230
351.2,556.1,216.9,213.3,230,232.8,230.3,217.5,223,221.3,214.4,229.6
351.6,556.7,216.3,212.6,229.6,232.3,229.9,216.2,222.6,220.4,213.5,229.2
352,557.3,215.2,211.8,229.1,231.9,229.5,213.7,221.9,219.4,212.5,228.8
352.4,558,214.1,210.8,228.8,231.6,229.1,210.3,221.1,218.6,211.6,228.3
352.8,558.6,213.4,210.1,228.4,231.1,228.8,207,220.4,217.9,210.9,227.8
353.2,559.2,212.8,209.4,227.8,230.8,228.4,204.8,219.6,217.3,210.4,227.3
353.6,559.9,212.3,208.9,227.4,230.4,227.9,203.4,218.9,216.3,209.9,226.8
354,560.5,211.9,208.3,227.1,230,227.6,202.7,218.3,215.1,209.4,226.4
354.4,561.1,211.1,207.6,226.5,229.6,227.3,201.9,217.6,213.9,208.9,225.9
354.8,561.8,210.3,206.8,226.1,229.3,226.9,200.9,216.9,213.2,208.3,225.4
355.2,562.4,209.4,205.9,225.6,228.8,226.5,199.6,216.1,212.6,207.6,225.1
355.6,563,208.6,205.1,225.1,228.4,226.1,198.5,215.3,212.2,206.8,224.6
356,563.7,208.1,204.6,224.7,228.1,225.8,197.9,214.5,211.7,205.9,224.2
356.4,564.3,207.4,203.9,224.2,227.7,225.4,197.5,213.6,211.1,204.9,223.8
356.8,564.9,206.8,203.3,223.8,227.3,225,197,212.8,210.2,203.9,223.3
357.2,565.6,205.8,202.6,223.3,226.9,224.6,195.9,212,209.3,203.3,222.9
357.6,566.2,204.9,201.9,222.8,226.5,224.2,193.8,211.2,208.6,202.7,222.4
358,566.8,204.3,201.4,222.3,226.2,223.9,191.9,210.4,208.1,202.2,222
358.4,567.5,203.8,200.9,221.8,225.7,223.4,190.3,209.6,207.4,201.8,221.5
358.8,568.1,203.2,200.3,221.2,225.3,223,189.3,208.9,206.8,201.2,220.9
359.2,568.7,202.8,199.8,220.8,224.9,222.6,188.9,208.3,205.8,200.8,220.5
359.6,569.4,202.1,199,220.2,224.4,222.1,188.6,207.5,204.8,200.2,219.9
360,570,201.3,198.2,219.6,224,221.5,188,206.8,203.9,199.7,219.3
360.4,570.6,200.7,197.6,219.1,223.6,220.9,187.3,206.1,203.3,199.1,218.8
360.8,571.3,200,197.1,218.6,223.1,220.2,186.5,205.3,202.8,198.3,218.1
361.2,571.9,199.4,196.5,218,222.7,219.6,186.1,204.6,202.3,197.6,217.5
361.6,572.5,198.9,195.9,217.4,222.2,218.9,185.6,203.9,201.8,196.7,216.8
362,573.2,198.3,194.9,216.8,221.8,218.3,185.3,203.1,201.1,195.9,216.3
362.4,573.8,197.6,194,216.3,221.3,217.7,184.7,202.3,200.3,195.3,215.7
362.8,574.4,196.8,193.1,215.8,220.8,217.1,183.6,201.6,199.7,194.8,215.1
363.2,575.1,196.3,192.4,215.4,220.2,216.6,182.4,200.9,199.1,194.3,214.5
363.6,575.7,195.9,191.9,214.9,219.6,216.1,181.7,200.3,198.7,193.9,213.9
364,576.3,195.5,191.7,214.3,219,215.5,181.4,199.7,198.4,193.3,213.3
364.4,577,195.2,191.5,213.6,218.3,215,181.5,199.1,197.4,192.9,212.7
364.8,577.6,194.8,191,212.6,217.5,214.4,181.4,198.4,196.1,192.3,212
365.2,578.2,194.3,190.5,211.4,216.6,213.8,181.1,197.8,195.3,191.8,211.1
365.6,578.9,194.3,190.2,210.3,215.8,213.2,180.4,197.1,194.8,191.3,210.3
366,579.5,193.9,189.9,208.7,214.7,212.4,179.7,196.4,195.4,190.8,209.4
366.4,580.1,193.3,189.7,207,213.6,211.6,179.5,195.9,194.3,190.2,208.6
366.8,580.8,192.9,189.5,204.9,212.4,210.4,179.3,195.3,193.4,189.5,207.5
367.2,581.4,192.9,189.3,202.4,211.2,208.8,178.6,194.9,192.8,188.9,206.4
367.6,582,193.4,189.3,200,209.9,206.4,177.3,195.3,192.2,188.4,205.3
368,582.7,193.1,189.1,198.1,208.6,204.2,175.8,194.6,191.8,187.9,204.1
368.4,583.3,192.4,188.9,196.7,207.4,202.4,175.1,193.8,191.3,187.5,203.1
368.8,583.9,191.6,188.8,195.3,206.1,201.1,174.9,193.4,190.9,187.1,202.1
369.2,584.6,191.1,188.4,193.8,204.8,199.4,175.2,193.1,190.8,186.6,200.7
369.6,585.2,190.6,188.3,191.8,203.5,197.9,175.7,193.1,190.4,186.3,198.5
370,585.8,190.2,187.9,189,202.1,196.6,176.3,192.4,190.3,185.9,196
370.4,586.5,189.7,187.6,187.3,200.9,195.3,176.9,191.9,189.9,185.5,193.9
370.8,587.1,189.2,187.1,186.3,199.6,194.1,177.4,192,189.4,185.1,192.4
371.2,587.7,188.6,186.5,185.4,198.3,193.3,177.9,191.8,189.1,184.6,191.2
371.6,588.4,188,185.8,184.7,197.1,192.6,178.3,191.3,188.6,184.2,190.3
372,589,187.2,184.8,183.8,195.8,191.8,178.3,190.6,188.1,183.5,189.2
372.4,589.6,186.4,184,182.6,194.4,190.6,178,189.9,187.4,182.8,188.1
372.8,590.3,185.8,183.1,181.4,193.2,188.6,177.1,189.2,186.7,181.9,187.1
373.2,590.9,185.2,182.4,180.9,192,186.7,175.8,188.4,186.1,180.8,186.1
373.6,591.5,184.6,181.6,180.2,190.8,185.6,174.6,187.8,185.4,179.6,185.3
374,592.2,183.8,180.7,179.4,189.6,185,173.9,186.9,184.6,178.5,184.6
374.4,592.8,182.9,179.7,178.3,188.4,184.2,173.3,186.1,183.7,177.4,183.7
374.8,593.4,182.1,178.7,176.7,187.3,183.4,171.9,185.2,182.9,176.3,182.1
375.2,594.1,181.4,178.1,175.1,186.1,182.7,170.4,184.4,182.3,175.4,180.2
375.6,594.7,180.9,177.4,174.2,185.1,181.9,169.1,183.6,181.6,174.2,178.5
376,595.3,180.3,176.8,173.6,184,181.4,168.4,182.9,180.8,173.1,177.3
376.4,596,179.6,176.3,173.2,182.9,181.1,168.1,182.2,179.9,172.1,176.4
376.8,596.6,178.7,175.5,172.5,181.8,180.6,167.7,181.4,179.1,170.9,175.7
377.2,597.2,177.9,174.8,171.4,180.8,180.1,167.3,180.7,178.4,170.1,174.9
377.6,597.9,177.3,174.2,169.8,179.6,179.2,166.5,180,177.8,169.4,174.1
378,598.5,176.8,173.6,168.6,178.6,177.8,165.9,179.3,177.1,168.8,173.2
378.4,599.1,176.4,173.1,168,177.7,176.6,165.6,178.6,176.3,168.2,172.6
378.8,599.8,175.7,172.4,167.4,176.7,175.9,165.4,177.8,175.4,167.6,172.1
379.2,600.4,175.1,171.8,167,175.8,175.5,164.9,177.1,174.6,167.1,171.6
379.6,601,174.3,171.3,166.5,174.8,175.1,163.7,176.3,173.9,166.6,170.8
380,601.7,173.8,170.8,165.8,173.9,174.5,162.6,175.6,173.4,166.1,169.8
380.4,602.3,173.4,170.3,165.2,173.1,173.8,162,175,173,165.6,168.8
380.8,602.9,172.8,169.6,164.9,172.1,173.1,161.6,174.3,172.4,165,168
381.2,603.6,172.2,169.1,164.7,171.3,172.6,161.3,173.8,171.9,164.5,167.4
381.6,604.2,171.3,168.4,164.4,170.3,172.3,160.4,173.1,171.3,164,166.9
382,604.8,170.6,168,163.9,169.5,171.8,159.4,172.6,170.8,163.6,166.4
382.4,605.5,170.1,167.5,163,168.6,171.1,158.6,171.9,170.2,163.1,165.6
382.8,606.1,169.6,167.1,162.1,167.8,169.9,158.1,171.3,169.5,162.5,165.1
383.2,606.7,169.3,166.5,161.5,167.1,168.9,158.1,170.6,168.7,162.1,164.5
383.6,607.4,168.6,165.8,160.9,166.3,168.2,157.9,170,167.9,161.5,164.1
384,608,168.1,165.3,160.2,165.6,167.8,157.4,169.4,167.2,161.3,163.9
384.4,608.6,167.2,164.6,159.8,164.8,167.5,156.3,168.8,166.5,160.9,163.6
384.8,609.3,166.6,164.1,159.4,164.1,167.4,155.1,168.2,166.1,160.4,163.4
385.2,609.9,166.1,163.6,159.3,163.3,167.3,154.3,167.5,165.6,159.9,163.1
385.6,610.5,165.6,163.1,158.9,162.6,167.3,154,166.9,165.2,159.4,162.9
386,611.2,165.2,162.4,158.8,162.1,167.2,153.9,166.3,164.7,159,162.7
386.4,611.8,164.4,161.6,158.4,161.4,166.8,153.7,165.6,164.1,158.6,162.4
386.8,612.4,163.6,160.8,157.9,160.8,166.3,153.1,165.1,163.5,158.2,162.1
387.2,613.1,162.8,159.9,157.1,160.1,165.6,152.2,164.4,162.9,157.8,161.3
387.6,613.7,162.3,159.3,156.3,159.4,165.2,151.4,163.9,162.4,157.4,160.3
388,614.3,161.8,158.8,155.5,158.8,164.2,151,163.3,161.8,156.9,159.3
388.4,615,161.4,158.3,154.7,158.1,163.2,150.8,162.6,160.9,156.1,158.4
388.8,615.6,161.3,158.1,153.9,157.4,162.6,150.6,162.1,160.1,155.4,157.8
389.2,616.2,160.9,157.8,152.8,156.8,161.8,149.7,161.3,159.3,154.6,156.9
389.6,616.9,160.5,157.6,151.9,156.1,160.9,148.6,160.6,158.6,153.9,156
390,617.5,160.1,157.4,151.3,155.4,159.9,147.5,159.9,158.1,153.4,155.2
390.4,618.1,159.7,157.1,150.8,154.8,159.1,147,159.3,157.7,152.9,154.6
390.8,618.8,159.3,156.9,150.2,154.1,158.4,146.8,158.6,157.3,152.6,153.9
391.2,619.4,159,156.8,149.4,153.5,158.1,147,158.1,157,152.4,153
391.6,620,158.8,156.5,148.1,152.8,157.4,147.2,157.6,156.7,152.1,151.6
392,620.7,158.4,156.2,147,152.1,156.7,147.5,157.1,156.3,151.8,150.3
392.4,621.3,158.1,155.9,146.4,151.4,155.9,147.9,156.8,155.9,151.4,149.2
392.8,621.9,157.8,155.6,146.1,150.8,155.2,148.2,156.3,155.6,151.1,148.4
393.2,622.6,157.4,155.2,145.9,150.2,154.8,148.5,156,155.3,150.8,148
393.6,623.2,156.8,154.6,145.5,149.5,154.3,148.6,155.7,154.9,150.4,147.4
394,623.8,156.1,153.9,144.9,148.9,153.8,148.7,155.3,154.7,150,147
394.4,624.5,155.3,153,144.1,148.3,153.1,148.5,155,154.3,149.4,146.4
394.8,625.1,154.8,152.3,143.7,147.6,152.3,148.3,154.8,153.9,148.7,145.9
395.2,625.7,154.4,151.4,143.4,147,151.5,148,154.4,153.5,147.9,145.5
395.6,626.4,153.9,150.7,143.1,146.4,150.9,147.6,153.9,152.9,147,145.1
396,627,153.4,150.1,142.6,145.8,150.4,147.2,153.6,152.3,146.1,144.8
396.4,627.6,152.6,149.5,141.6,145.1,149.8,146.3,153,151.6,145.3,143.9
396.8,628.3,152.1,148.9,140.5,144.6,149.4,144.9,152.5,151.1,144.7,142.9
397.2,628.9,151.5,148.3,139.8,143.9,148.8,143.5,151.9,150.6,144.1,142
397.6,629.5,151.1,147.8,139.4,143.4,148.2,142.5,151.4,150.1,143.8,141.3
398,630.2,150.6,147.3,139.1,142.8,147.8,141.9,150.9,149.4,143.4,140.8
398.4,630.8,150.2,146.9,138.9,142.3,147.5,141.6,150.4,148.8,142.9,140.4
398.8,631.4,149.4,146.3,138.4,141.6,147.2,141.3,149.9,148.1,142.3,139.9
399.2,632.1,148.8,145.8,137.8,141,146.8,140.7,149.4,147.6,141.7,139.3
399.6,632.7,148.3,145.1,137.1,140.4,146,140.2,148.8,147.1,141.2,138.8
400,633.3,147.9,144.5,136.5,139.8,145.1,139.8,148.3,146.6,140.8,138.3
400.4,634,147.6,144.1,136.3,139.3,144.6,139.7,147.8,146.1,140.3,138
400.8,634.6,147.1,143.7,135.9,138.8,144.2,139.4,147.3,145.4,139.9,137.8
401.2,635.2,146.5,143.3,135.2,138.3,143.9,138.9,146.8,144.8,139.6,137.4
401.6,635.9,145.9,142.8,134.1,137.7,143.4,137.9,146.1,144.3,139.1,136.7
402,636.5,145.5,142.3,133.1,137.3,142.9,136.8,145.6,143.9,138.8,135.8
402.4,637.1,145.1,141.8,132.6,136.6,142.4,136.3,145.1,143.6,138.5,134.9
402.8,637.8,144.8,141.4,132.4,136.1,141.9,136.1,144.6,143.3,138.1,134.3
403.2,638.4,144.3,141,132.2,135.5,141.6,135.9,144,142.8,137.8,133.9
403.6,639,143.8,140.5,131.9,135.1,141.3,135.4,143.6,142.4,137.5,133.6
404,639.7,143.1,140,131.3,134.4,140.9,134.8,143.1,141.9,137.2,133.1
404.4,640.3,142.6,139.5,130.8,133.9,140.4,134.1,142.6,141.6,136.8,132.6
404.8,640.9,142.1,139.1,130.2,133.4,139.6,133.6,142.2,141.1,136.5,132.1
405.2,641.6,141.8,138.8,129.9,132.9,138.7,133.3,141.6,140.6,136.2,131.6
405.6,642.2,141.5,138.5,129.9,132.4,138,133.3,141.3,140.1,135.9,131.4
406,642.8,141,138.1,129.8,131.9,137.5,132.9,140.8,139.4,135.4,131.1
406.4,643.5,140.4,137.7,129.6,131.6,137.3,132.4,140.3,139.1,135.2,131.1
406.8,644.1,139.9,137.3,129.6,131.1,136.9,131.7,139.9,138.7,134.8,130.9
407.2,644.7,139.4,136.9,129.6,130.6,136.6,131.3,139.4,138.3,134.3,130.9
407.6,645.4,139.1,136.5,129.6,130.1,136.3,131.1,139,137.9,133.9,130.8
408,646,138.8,136.3,129.8,129.7,135.5,131.1,138.6,137.5,133.4,130.7
408.4,646.6,138.3,135.7,129.8,129.2,134.9,130.7,138.1,137,132.8,130.4
408.8,647.3,137.8,135.1,129.8,128.9,134.7,130.2,137.7,136.6,132.4,130.1
409.2,647.9,137.1,134.3,129.7,128.4,134.4,129.6,137.2,136.2,132.1,129.6
409.6,648.5,136.5,133.7,129.5,128.1,134.4,129,136.8,135.8,131.7,129.1
410,649.2,136.1,133,129.1,127.7,134.3,128.8,136.3,135.3,131.3,128.6
410.4,649.8,135.8,132.6,128.8,127.4,134.3,128.6,135.9,134.9,130.9,128.3
410.8,650.4,135.4,132.3,128.4,127.1,134.1,128.3,135.4,134.3,130.4,127.9
411.2,651.1,135.3,131.9,127.6,126.8,133.9,127.6,135.1,133.8,130,127.6
411.6,651.7,134.9,131.7,126.8,126.3,133.3,126.6,134.5,133.3,129.5,127.1
412,652.3,134.8,131.5,126.3,126.1,132.6,125.8,134.1,132.8,129,126.7
412.4,653,134.6,131.3,125.9,125.7,131.8,125.1,133.6,132.4,128.6,126.2
412.8,653.6,134.3,131.2,125.6,125.4,131.3,124.8,133,132.1,128.4,125.8
413.2,654.2,134.1,131,125.2,124.9,130.9,124.8,132.6,131.8,128.1,125.1
413.6,654.9,133.9,130.9,124.6,124.6,130.4,124.9,132.2,131.4,127.8,124.1
414,655.5,133.8,130.8,124.1,124.3,129.9,125.3,131.8,131.2,127.6,123.1
414.4,656.1,133.6,130.6,123.6,123.9,129.1,125.5,131.4,130.9,127.3,122.3
414.8,656.8,133.4,130.5,123.1,123.5,128.4,125.7,131.2,130.6,127.1,121.8
415.2,657.4,133.2,130.4,122.8,123.1,127.9,125.9,130.9,130.4,126.8,121.4
415.6,658,133.1,130.3,122.3,122.8,127.6,126.1,130.7,130.2,126.6,121.1
416,658.7,132.8,130.3,121.5,122.4,127.1,126.2,130.4,129.9,126.4,120.7
416.4,659.3,132.7,130.2,120.6,122,126.6,126.3,130.2,129.8,126.2,120.3
416.8,659.9,132.6,130.1,120.1,121.6,126,126.3,130,129.5,125.9,119.9
417.2,660.6,132.4,130.1,119.8,121.3,125.4,126.4,129.9,129.4,125.9,119.8
417.6,661.2,132.3,130.1,119.4,120.9,125,126.4,129.7,129.1,125.7,119.4
418,661.8,132.2,130,118.9,120.5,124.7,126.4,129.6,128.9,125.6,119.2
418.4,662.5,131.9,129.9,118.3,120.1,124.3,126.4,129.3,128.8,125.4,118.6
418.8,663.1,131.8,129.9,117.4,119.8,124,126.4,129.1,128.6,125.3,118
419.2,663.7,131.7,129.9,116.9,119.4,123.5,126.3,128.9,128.4,125.2,117.2
419.6,664.4,131.6,129.8,116.5,119,123.1,126.3,128.8,128.3,125,116.7
420,665,131.4,129.8,116.2,118.6,122.8,126.2,128.6,128.1,124.9,116.3
420.4,665.6,131.3,129.7,116,118.3,122.6,126.2,128.6,128.1,124.9,115.9
420.8,666.3,131.2,129.6,115.6,117.9,122.3,126.1,128.4,127.9,124.8,115.4
421.2,666.9,131.1,129.6,115.1,117.4,121.9,126.1,128.3,127.8,124.7,115
421.6,667.5,130.9,129.4,114.4,117.1,121.3,126,128.1,127.6,124.6,114.4
422,668.2,130.8,129.4,114.2,116.8,120.6,125.9,128,127.4,124.5,114.2
422.4,668.8,130.6,129.3,113.9,116.3,120,125.8,127.8,127.3,124.4,113.9
422.8,669.4,130.6,129.3,113.6,115.9,119.6,125.8,127.7,127.3,124.4,113.8
423.2,670.1,130.4,129.1,113.1,115.6,119.4,125.6,127.6,127.1,124.3,113.4
423.6,670.7,130.3,129.1,112.4,115.3,119,125.5,127.4,127,124.3,112.9
424,671.3,130.1,128.9,111.5,114.8,118.7,125.4,127.3,126.8,124.2,112.2
424.4,672,130.1,128.9,111,114.4,118.3,125.3,127.2,126.8,124.1,111.6
424.8,672.6,129.9,128.8,110.8,113.9,117.8,125.3,127.1,126.6,124.1,111
425.2,673.2,129.8,128.7,110.6,113.6,117.4,125.3,127,126.6,124.1,110.7
425.6,673.9,129.6,128.5,110.4,113.2,117.1,125.1,126.9,126.4,123.9,110.4
426,674.5,129.6,128.4,110,112.8,116.8,125.1,126.8,126.3,123.9,110.1
426.4,675.1,129.4,128.3,109.5,112.3,116.5,124.9,126.6,126.2,123.8,109.6
426.8,675.8,129.2,128.1,108.8,111.8,115.9,124.8,126.4,126,123.6,109.1
427.2,676.4,129.1,128,108.3,111.4,115.1,124.8,126.4,126,123.6,108.8
427.6,677,129,127.8,107.9,110.9,114.3,124.6,126.3,125.8,123.5,108.4
428,677.7,128.9,127.8,107.8,110.6,113.8,124.4,126.1,125.7,123.4,108.3
428.4,678.3,128.8,127.7,107.7,110.3,113.5,124.3,126.1,125.6,123.4,108.3
428.8,678.9,128.7,127.6,107.6,110,113.3,124.1,125.9,125.5,123.3,108.1
429.2,679.6,128.5,127.4,107.6,109.7,113.1,123.9,125.8,125.4,123.3,108
429.6,680.2,128.4,127.4,107.6,109.4,113.1,123.8,125.7,125.3,123.1,107.9
430,680.8,128.3,127.3,107.6,109.3,112.9,123.6,125.6,125.1,123.1,107.8
430.4,681.5,128.2,127.2,107.7,109.1,113,123.6,125.5,125,123,107.8
430.8,682.1,128.1,127.1,107.7,109,113,123.4,125.4,124.9,122.9,107.7
431.2,682.7,128,127,107.7,108.9,113.1,123.3,125.3,124.8,122.8,107.7
431.6,683.4,127.9,126.9,107.6,108.8,113.2,123.3,125.2,124.8,122.8,107.7
432,684,127.7,126.7,107.6,108.7,113.3,123.1,125,124.6,122.6,107.6
432.4,684.6,127.6,126.6,107.4,108.6,113.3,123.1,124.9,124.5,122.4,107.6
432.8,685.3,127.4,126.4,107.4,108.6,113.4,123,124.8,124.4,122.3,107.6
433.2,685.9,127.3,126.3,107.3,108.4,113.5,122.9,124.7,124.3,122.1,107.5
433.6,686.5,127.2,126.2,107.3,108.4,113.6,122.9,124.6,124.3,122.1,107.5
434,687.2,127.1,126,107.1,108.4,113.6,122.8,124.4,124.1,121.9,107.4
434.4,687.8,127,125.9,107.1,108.3,113.7,122.7,124.4,124,121.9,107.4
434.8,688.4,126.8,125.8,106.9,108.3,113.6,122.6,124.3,123.9,121.8,107.3
435.2,689.1,126.8,125.7,106.9,108.3,113.6,122.6,124.2,123.8,121.7,107.3
435.6,689.7,126.6,125.6,106.9,108.2,113.5,122.4,124.1,123.6,121.6,107.2
436,690.3,126.5,125.5,106.8,108.2,113.5,122.4,124,123.6,121.6,107.2
436.4,691,126.3,125.3,106.7,108.1,113.3,122.2,123.9,123.4,121.5,107.1
436.8,691.6,126.3,125.3,106.6,108.1,113.2,122.1,123.8,123.4,121.4,107
437.2,692.2,126.1,125.1,106.4,108.1,112.9,122,123.6,123.3,121.4,106.9
437.6,692.9,126,125,106.3,108,112.7,121.9,123.5,123.2,121.3,106.9
438,693.5,125.9,124.9,106.2,107.9,112.5,121.8,123.4,123.1,121.3,106.8
438.4,694.1,125.8,124.9,106.2,107.9,112.4,121.7,123.3,123.1,121.2,106.8
438.8,694.8,125.7,124.8,106.1,107.9,112.2,121.5,123.3,122.9,121.1,106.7
439.2,695.4,125.6,124.7,106.1,107.9,112.1,121.4,123.1,122.9,121.1,106.7
439.6,696,125.5,124.6,105.9,107.8,111.9,121.3,123,122.7,121,106.7
440,696.7,125.4,124.5,105.9,107.8,111.8,121.2,122.9,122.7,120.9,106.7
440.4,697.3,125.3,124.4,105.8,107.7,111.6,121.1,122.8,122.6,120.8,106.6
440.8,697.9,125.2,124.3,105.8,107.7,111.5,121,122.8,122.4,120.8,106.7
441.2,698.6,125.1,124.3,105.7,107.6,111.4,120.9,122.6,122.3,120.6,106.6
441.6,699.2,125,124.2,105.6,107.6,111.3,120.8,122.6,122.3,120.6,106.6
442,699.8,124.8,124.1,105.5,107.6,111.2,120.7,122.4,122.1,120.5,106.4
442.4,700.5,124.8,123.9,105.4,107.6,111.1,120.6,122.3,122.1,120.4,106.3
442.8,701.1,124.6,123.9,105.3,107.5,110.9,120.6,122.2,121.9,120.3,106.2
443.2,701.7,124.6,123.8,105.3,107.5,110.9,120.5,122.1,121.9,120.3,106.2
443.6,702.4,124.4,123.7,105.1,107.4,110.8,120.4,122.1,121.8,120.2,106.1
444,703,124.3,123.6,105.1,107.4,110.8,120.3,121.9,121.7,120.1,106
444.4,703.6,124.3,123.5,105,107.4,110.7,120.3,121.9,121.6,120.1,105.9
444.8,704.3,124.1,123.4,105,107.4,110.6,120.1,121.8,121.6,120,105.8
445.2,704.9,124.1,123.3,104.9,107.4,110.6,120,121.7,121.4,119.9,105.6
445.6,705.5,123.9,123.3,104.9,107.4,110.5,119.9,121.6,121.4,119.9,105.6
446,706.2,123.8,123.1,104.8,107.3,110.4,119.8,121.6,121.3,119.8,105.4
446.4,706.8,123.8,123.1,104.8,107.4,110.4,119.8,121.5,121.2,119.8,105.4
446.8,707.4,123.6,122.9,104.6,107.3,110.3,119.6,121.4,121.1,119.6,105.3
447.2,708.1,123.4,122.8,104.6,107.3,110.3,119.6,121.3,121,119.6,105.2
447.6,708.7,123.3,122.5,104.4,107.3,110.2,119.4,121.1,120.9,119.4,105.1
448,709.3,123.3,122.2,104.4,107.3,110.1,119.3,121.1,120.8,119.3,105
448.4,710,123.1,121.8,104.3,107.3,110,119.1,120.9,120.6,119.1,104.9
448.8,710.6,122.9,121.6,104.3,107.3,109.9,119.1,120.9,120.6,119.1,104.9
449.2,711.2,122.8,121.3,104.3,107.3,109.9,118.9,120.7,120.4,118.9,104.8
449.6,711.9,122.7,121.1,104.2,107.3,109.9,118.7,120.6,120.3,118.8,104.8
450,712.5,122.5,120.8,104.1,107.2,109.8,118.6,120.4,120.1,118.4,104.6
450.4,713.1,122.4,120.8,104.2,107.3,109.8,118.4,120.3,120,118.3,104.6
450.8,713.8,122.3,120.6,104.1,107.1,109.6,118.2,120.2,119.8,117.9,104.5
451.2,714.4,122.2,120.6,104.1,107.2,109.6,118.1,120.1,119.8,117.6,104.4
451.6,715,122.1,120.4,104.1,107.1,109.4,117.9,119.9,119.6,117.4,104.3
452,715.7,121.9,120.4,104.1,107.1,109.4,117.8,119.8,119.4,117.1,104.2
452.4,716.3,121.9,120.3,104.1,107.1,109.3,117.6,119.6,119.2,117,104.1
452.8,716.9,121.7,120.1,104,107.1,109.2,117.4,119.5,119,116.8,103.9
453.2,717.6,121.6,119.9,103.9,107,109.1,117.3,119.3,118.9,116.6,103.8
453.6,718.2,121.4,119.8,103.9,107,108.9,117.3,119.2,118.8,116.4,103.6
454,718.8,121.3,119.7,103.9,106.9,108.8,117.1,119,118.6,116.1,103.4
454.4,719.5,121.2,119.6,103.9,106.9,108.7,117.1,118.9,118.4,115.9,103.3
454.8,720.1,121,119.5,103.9,106.9,108.6,116.9,118.8,118.3,115.6,103.2
455.2,720.7,120.9,119.4,103.9,106.9,108.5,116.9,118.6,118.1,115.4,103.1
455.6,721.4,120.7,119.2,103.8,106.8,108.4,116.8,118.4,117.9,115.1,102.9
456,722,120.6,119.1,103.8,106.9,108.4,116.8,118.4,117.8,114.8,102.8
456.4,722.6,120.4,118.9,103.9,106.8,108.3,116.6,118.2,117.6,114.4,102.6
456.8,723.3,120.3,118.8,104.1,106.8,108.3,116.5,118.1,117.4,114.3,102.6
457.2,723.9,120.1,118.7,104.1,106.8,108.2,116.4,117.9,117.2,113.9,102.4
457.6,724.5,120.1,118.6,104.3,106.8,108.1,116.3,117.7,117.1,113.8,102.3
458,725.2,119.9,118.4,104.3,106.8,108,116.1,117.5,116.9,113.5,102.2
458.4,725.8,119.8,118.3,104.3,106.8,107.9,115.9,117.4,116.7,113.3,102.1
458.8,726.4,119.6,118.2,104.4,106.7,107.8,115.8,117.2,116.5,112.9,102
459.2,727.1,119.5,118.1,104.4,106.7,107.8,115.8,117.1,116.4,112.8,101.9
459.6,727.7,119.3,117.9,104.4,106.6,107.7,115.6,116.9,116.2,112.5,101.9
460,728.3,119.1,117.8,104.6,106.6,107.6,115.6,116.8,116,112.3,101.8
460.4,729,119.1,117.6,104.6,106.7,107.7,115.4,116.6,115.9,112.2,101.8
460.8,729.6,118.9,117.4,104.6,106.6,107.6,115.2,116.4,115.7,111.9,101.6
461.2,730.2,118.8,117.3,104.6,106.6,107.5,114.9,116.3,115.5,111.8,101.5
461.6,730.9,118.6,117.2,104.6,106.5,107.5,114.7,116.1,115.4,111.6,101.4
462,731.5,118.4,117,104.4,106.4,107.3,114.3,115.9,115.2,111.4,101.3
462.4,732.1,118.3,116.9,104.4,106.4,107.3,114.2,115.8,115.1,111.3,101.3
462.8,732.8,118.2,116.8,104.5,106.4,107.2,114.1,115.6,114.9,111.2,101.2
463.2,733.4,118.1,116.6,104.5,106.3,107.1,113.8,115.4,114.8,111,101.1
463.6,734,117.9,116.4,104.5,106.1,106.9,113.6,115.3,114.5,110.8,100.9
464,734.7,117.8,116.4,104.5,106.1,106.9,113.4,115.1,114.4,110.7,100.8
464.4,735.3,117.6,116.2,104.5,106,106.9,113,114.9,114.2,110.6,100.6
464.8,735.9,117.4,116.1,104.4,105.9,106.8,112.7,114.8,114.1,110.5,100.5
465.2,736.6,117.2,115.9,104.3,105.7,106.7,112.4,114.6,113.9,110.4,100.3
465.6,737.2,117.1,115.8,103.9,105.6,106.6,112.2,114.4,113.8,110.3,100.3
466,737.8,116.9,115.6,103.6,105.5,106.4,111.9,114.3,113.6,110.2,100
466.4,738.5,116.8,115.6,103.4,105.4,106.2,111.8,114.1,113.4,110.1,99.8
466.8,739.1,116.6,115.4,103.1,105.2,106,111.5,113.9,113.3,110,99.6
467.2,739.7,116.5,115.3,102.9,105.1,105.8,111.4,113.8,113.2,109.9,99.4
467.6,740.4,116.3,115.2,102.7,104.9,105.4,111.1,113.6,112.9,109.8,99.2
468,741,116.1,115.1,102.6,104.8,105.1,111,113.5,112.8,109.8,98.9
468.4,741.6,115.9,114.9,102.4,104.5,104.8,110.8,113.3,112.6,109.6,98.7
468.8,742.3,115.8,114.9,102.3,104.3,104.6,110.8,113.2,112.5,109.5,98.4
469.2,742.9,115.6,114.7,102,104.1,104.4,110.6,113,112.3,109.4,98.3
469.6,743.5,115.5,114.6,101.8,103.8,104.1,110.4,112.8,112.2,109.3,98
470,744.2,115.4,114.4,101.4,103.6,103.8,110.3,112.7,112,109.1,97.8
470.4,744.8,115.3,114.3,101.3,103.4,103.6,110.2,112.6,111.9,109.1,97.6
470.8,745.4,115.1,114.1,100.9,103.1,103.3,110.1,112.4,111.8,108.9,97.4
471.2,746.1,115,114.1,100.5,102.9,103.1,109.9,112.3,111.6,108.9,97.1
471.6,746.7,114.8,113.9,100.1,102.7,102.8,109.8,112.1,111.4,108.8,396.9
472,747.3,114.8,113.8,99.9,102.5,102.7,109.5,112,111.3,108.7,96.6
472.4,748,114.5,113.6,99.5,102.3,102.4,109.3,111.8,111.1,108.5,96.3
472.8,748.6,114.4,113.5,99.2,102.1,102.3,109.1,111.7,111,108.4,95.9
473.2,749.2,114.3,113.4,98.9,101.8,102,109.1,111.5,110.8,108.3,95.5
473.6,749.9,114.1,113.3,98.8,101.7,101.8,108.9,111.4,110.8,108.1,95.2
474,750.5,114,113.1,98.5,101.4,101.7,108.8,111.1,110.6,108,94.8
474.4,751.1,113.9,112.9,98.4,101.3,101.6,108.7,111.1,110.4,107.9,94.6
474.8,751.8,113.8,112.7,98.3,101,101.4,108.5,110.9,110.3,107.6,94.3
475.2,752.4,113.6,112.6,98.1,100.8,101.3,108.3,110.8,110.2,107.5,93.9
475.6,753,113.4,112.4,97.9,100.6,101,107.9,110.6,109.9,107.3,93.5
476,753.7,113.3,112.3,97.9,100.4,100.9,107.6,110.4,109.8,107.2,93.2
476.4,754.3,113.2,112.2,97.6,100.1,100.9,107.3,110.3,109.6,107,92.9
476.8,754.9,113.1,112.1,97.6,99.9,101.1,107.1,110.1,109.4,106.9,92.7
477.2,755.6,112.9,111.9,97.4,99.7,101.2,107,109.9,109.3,106.7,92.4
477.6,756.2,112.8,111.8,97.3,99.5,101.3,106.9,109.8,109.1,106.5,92.3
478,756.8,112.6,111.6,97.1,99.3,101.3,106.7,109.6,108.9,106.3,92.1
478.4,757.5,112.4,111.6,97.1,99.1,101.3,106.7,109.4,108.9,106.2,92
478.8,758.1,112.3,111.4,97,98.9,101.1,106.6,109.3,108.7,106.1,91.9
479.2,758.7,112.2,111.3,96.9,98.7,100.9,106.4,109.2,108.6,106,191.9
479.6,759.4,112.1,111.1,96.8,98.4,100.6,106.4,109,108.4,105.9,91.8
480,760,112,111,96.8,98.4,100.4,106.3,108.9,108.4,105.8,91.7
480.4,760.6,111.8,110.9,96.6,98.1,100.1,106.2,108.8,108.2,105.7,91.5
480.8,761.3,111.7,110.8,96.1,97.9,99.8,106.1,108.6,108.1,105.6,91.3
481.2,761.9,111.6,110.6,95.8,97.8,99.6,105.9,108.4,107.9,105.4,91.2
481.6,762.5,111.4,110.4,95.4,97.6,99.4,105.7,108.3,107.7,105.3,91
482,763.2,111.3,110.4,95.2,97.5,99.1,105.5,108.2,107.6,105.2,90.9
482.4,763.8,111.1,110.2,94.9,97.3,98.9,105.4,108,107.4,105.1,90.7
482.8,764.4,111,110.1,94.8,97.2,98.7,105.3,107.9,107.3,105,90.5
483.2,765.1,110.8,109.9,94.7,97,98.4,105,107.7,107.1,104.8,90.3
483.6,765.7,110.7,109.8,94.6,96.8,98.3,104.9,107.6,107.1,104.7,90.2
484,766.3,110.6,109.8,94.5,96.7,98,104.8,107.4,106.9,104.6,90
484.4,767,110.5,109.6,94.4,96.5,97.8,104.6,107.3,106.8,104.4,89.8
484.8,767.6,110.3,109.5,94.4,96.3,97.6,104.4,107.1,106.6,104.3,89.6
485.2,768.2,110.3,109.4,94.3,96.1,97.4,104.3,107.1,106.6,104.2,89.4
485.6,768.9,110.1,109.3,94,95.9,97.1,104.1,106.9,106.4,104,89.1
486,769.5,110,109.2,94,95.8,96.8,104,106.8,106.3,103.9,88.9
486.4,770.1,109.8,109,93.8,95.5,96.5,103.8,106.6,106.1,103.8,88.8
486.8,770.8,109.8,108.9,93.7,95.4,96.3,103.8,106.5,106,103.7,88.7
487.2,771.4,109.6,108.8,93.6,95.2,95.9,103.6,106.4,105.8,103.5,88.6
487.6,772,109.4,108.6,93.3,95,95.6,103.5,106.2,105.7,103.4,88.4
